fecha,id_campana,plataforma_origen,inversion_usd,impresiones,clics,conversiones_atribuidas,fecha_creacion,fecha_modificacion,usuario_modificacion
2024-09-09,CAMP_026,Google Ads,29.31,6212,160,5,2026-06-02 02:05:31.228869,2026-06-02 02:05:31.228869,postgres
2024-06-27,CAMP_018,TikTok Ads,47.56,49899,671,26,2026-06-02 02:05:31.228869,2026-06-02 02:05:31.228869,postgres
2024-02-06,CAMP_005,Google Ads,84.65,22298,547,29,2026-06-02 02:05:31.228869,2026-06-02 02:05:31.228869,postgres
2024-11-03,CAMP_033,TikTok Ads,35.17,29837,505,24,2026-06-02 02:05:31.228869,2026-06-02 02:05:31.228869,postgres
2024-07-21,CAMP_020,Google Ads,0.0,0,0,0,2026-06-02 02:05:31.228869,2026-06-02 02:05:31.228869,postgres
2024-09-14,CAMP_027,TikTok Ads,22.84,21799,452,23,2026-06-02 02:05:31.228869,2026-06-02 02:05:31.228869,postgres
2024-10-06,CAMP_028,Meta Ads,51.93,61328,686,24,2026-06-02 02:05:31.228869,2026-06-02 02:05:31.228869,postgres
2024-08-01,CAMP_023,Google Ads,56.37,12302,346,10,2026-06-02 02:05:31.228869,2026-06-02 02:05:31.228869,postgres
2024-06-02,CAMP_016,Meta Ads,96.51,79367,1243,47,2026-06-02 02:05:31.228869,2026-06-02 02:05:31.228869,postgres
2024-07-15,CAMP_019,Meta Ads,76.66,85117,982,24,2026-06-02 02:05:31.228869,2026-06-02 02:05:31.228869,postgres
2024-02-05,CAMP_004,Meta Ads,109.54,131084,1114,35,2026-06-02 02:05:31.228869,2026-06-02 02:05:31.228869,postgres
2024-07-08,CAMP_019,Meta Ads,69.15,95044,975,29,2026-06-02 02:05:31.228869,2026-06-02 02:05:31.228869,postgres
2024-08-08,CAMP_024,TikTok Ads,17.98,19240,343,10,2026-06-02 02:05:31.228869,2026-06-02 02:05:31.228869,postgres
2024-02-22,CAMP_006,TikTok Ads,60.24,54231,979,32,2026-06-02 02:05:31.228869,2026-06-02 02:05:31.228869,postgres
2024-07-05,CAMP_019,Meta Ads,83.68,65720,891,22,2026-06-02 02:05:31.228869,2026-06-02 02:05:31.228869,postgres
2024-05-15,CAMP_015,TikTok Ads,0.0,0,0,0,2026-06-02 02:05:31.228869,2026-06-02 02:05:31.228869,postgres
2024-03-06,CAMP_009,TikTok Ads,61.57,47541,1194,20,2026-06-02 02:05:31.228869,2026-06-02 02:05:31.228869,postgres
2024-01-13,CAMP_002,Google Ads,33.89,8747,199,8,2026-06-02 02:05:31.228869,2026-06-02 02:05:31.228869,postgres
2024-04-08,CAMP_010,Meta Ads,74.55,56694,792,35,2026-06-02 02:05:31.228869,2026-06-02 02:05:31.228869,postgres
2024-06-18,CAMP_017,Google Ads,35.2,7393,215,4,2026-06-02 02:05:31.228869,2026-06-02 02:05:31.228869,postgres
2024-05-06,CAMP_013,Meta Ads,77.78,127326,1138,54,2026-06-02 02:05:31.228869,2026-06-02 02:05:31.228869,postgres
2024-01-21,CAMP_001,Meta Ads,37.59,46987,527,11,2026-06-02 02:05:31.228869,2026-06-02 02:05:31.228869,postgres
2024-12-10,CAMP_036,TikTok Ads,0.0,0,0,0,2026-06-02 02:05:31.228869,2026-06-02 02:05:31.228869,postgres
2024-08-15,CAMP_024,TikTok Ads,34.13,25757,465,18,2026-06-02 02:05:31.228869,2026-06-02 02:05:31.228869,postgres
2024-03-15,CAMP_008,Google Ads,104.0,38110,675,10,2026-06-02 02:05:31.228869,2026-06-02 02:05:31.228869,postgres
2024-12-15,CAMP_034,Meta Ads,34.87,45159,495,11,2026-06-02 02:05:31.228869,2026-06-02 02:05:31.228869,postgres
2024-01-08,CAMP_001,Meta Ads,138.49,98897,1649,75,2026-06-02 02:05:31.228869,2026-06-02 02:05:31.228869,postgres
2024-09-21,CAMP_025,Meta Ads,87.42,85939,1211,44,2026-06-02 02:05:31.228869,2026-06-02 02:05:31.228869,postgres
2024-03-07,CAMP_009,TikTok Ads,56.18,48902,858,38,2026-06-02 02:05:31.228869,2026-06-02 02:05:31.228869,postgres
2024-04-09,CAMP_011,Google Ads,69.99,19026,465,9,2026-06-02 02:05:31.228869,2026-06-02 02:05:31.228869,postgres
2024-01-23,CAMP_001,Meta Ads,87.53,85726,1189,47,2026-06-02 02:05:31.228869,2026-06-02 02:05:31.228869,postgres
2024-11-23,CAMP_032,Google Ads,38.84,6630,205,10,2026-06-02 02:05:31.228869,2026-06-02 02:05:31.228869,postgres
2024-10-18,CAMP_030,TikTok Ads,26.33,28079,489,9,2026-06-02 02:05:31.228869,2026-06-02 02:05:31.228869,postgres
2024-06-04,CAMP_017,Google Ads,0.0,0,0,0,2026-06-02 02:05:31.228869,2026-06-02 02:05:31.228869,postgres
2024-01-09,CAMP_001,Meta Ads,121.23,158841,1475,60,2026-06-02 02:05:31.228869,2026-06-02 02:05:31.228869,postgres
2024-09-12,CAMP_026,Google Ads,70.52,22944,455,11,2026-06-02 02:05:31.228869,2026-06-02 02:05:31.228869,postgres
2024-11-26,CAMP_032,Google Ads,20.11,8439,156,5,2026-06-02 02:05:31.228869,2026-06-02 02:05:31.228869,postgres
2024-01-06,CAMP_002,Google Ads,100.09,21047,533,17,2026-06-02 02:05:31.228869,2026-06-02 02:05:31.228869,postgres
2024-01-06,CAMP_001,Meta Ads,84.12,93013,910,25,2026-06-02 02:05:31.228869,2026-06-02 02:05:31.228869,postgres
2024-06-27,CAMP_017,Google Ads,40.51,10429,261,10,2026-06-02 02:05:31.228869,2026-06-02 02:05:31.228869,postgres
2024-10-13,CAMP_030,TikTok Ads,29.07,18254,448,9,2026-06-02 02:05:31.228869,2026-06-02 02:05:31.228869,postgres
2024-07-12,CAMP_019,Meta Ads,82.06,71369,1028,18,2026-06-02 02:05:31.228869,2026-06-02 02:05:31.228869,postgres
2024-10-10,CAMP_029,Google Ads,66.16,21240,416,14,2026-06-02 02:05:31.228869,2026-06-02 02:05:31.228869,postgres
2024-06-12,CAMP_016,Meta Ads,107.55,129088,1251,47,2026-06-02 02:05:31.228869,2026-06-02 02:05:31.228869,postgres
2024-05-01,CAMP_013,Meta Ads,107.42,121032,1570,36,2026-06-02 02:05:31.228869,2026-06-02 02:05:31.228869,postgres
2024-10-14,CAMP_030,TikTok Ads,33.83,18026,450,13,2026-06-02 02:05:31.228869,2026-06-02 02:05:31.228869,postgres
2024-04-09,CAMP_010,Meta Ads,85.75,66731,960,45,2026-06-02 02:05:31.228869,2026-06-02 02:05:31.228869,postgres
2024-08-04,CAMP_024,TikTok Ads,54.27,53812,986,31,2026-06-02 02:05:31.228869,2026-06-02 02:05:31.228869,postgres
2024-07-20,CAMP_021,TikTok Ads,45.9,25271,579,9,2026-06-02 02:05:31.228869,2026-06-02 02:05:31.228869,postgres
2024-12-04,CAMP_034,Meta Ads,127.98,148963,1744,68,2026-06-02 02:05:31.228869,2026-06-02 02:05:31.228869,postgres
2024-09-14,CAMP_025,Meta Ads,0.0,0,0,0,2026-06-02 02:05:31.228869,2026-06-02 02:05:31.228869,postgres
2024-01-24,CAMP_001,Meta Ads,65.17,74359,919,49,2026-06-02 02:05:31.228869,2026-06-02 02:05:31.228869,postgres
2024-02-17,CAMP_005,Google Ads,0.0,0,0,0,2026-06-02 02:05:31.228869,2026-06-02 02:05:31.228869,postgres
2024-01-15,CAMP_001,Meta Ads,72.76,102515,933,46,2026-06-02 02:05:31.228869,2026-06-02 02:05:31.228869,postgres
2024-12-23,CAMP_034,Meta Ads,79.8,53055,873,18,2026-06-02 02:05:31.228869,2026-06-02 02:05:31.228869,postgres
2024-11-12,CAMP_033,TikTok Ads,0.0,0,0,0,2026-06-02 02:05:31.228869,2026-06-02 02:05:31.228869,postgres
2024-04-05,CAMP_010,Meta Ads,50.6,51192,485,22,2026-06-02 02:05:31.228869,2026-06-02 02:05:31.228869,postgres
2024-09-20,CAMP_027,TikTok Ads,0.0,0,0,0,2026-06-02 02:05:31.228869,2026-06-02 02:05:31.228869,postgres
2024-06-10,CAMP_016,Meta Ads,61.21,52028,803,17,2026-06-02 02:05:31.228869,2026-06-02 02:05:31.228869,postgres
2024-08-10,CAMP_024,TikTok Ads,41.12,32750,661,25,2026-06-02 02:05:31.228869,2026-06-02 02:05:31.228869,postgres
2024-04-15,CAMP_010,Meta Ads,126.29,129121,1838,81,2026-06-02 02:05:31.228869,2026-06-02 02:05:31.228869,postgres
2024-02-10,CAMP_006,TikTok Ads,48.84,32367,699,33,2026-06-02 02:05:31.228869,2026-06-02 02:05:31.228869,postgres
2024-06-22,CAMP_017,Google Ads,66.73,23973,493,20,2026-06-02 02:05:31.228869,2026-06-02 02:05:31.228869,postgres
2024-06-07,CAMP_018,TikTok Ads,0.0,0,0,0,2026-06-02 02:05:31.228869,2026-06-02 02:05:31.228869,postgres
2024-06-29,CAMP_017,Google Ads,51.63,10557,353,12,2026-06-02 02:05:31.228869,2026-06-02 02:05:31.228869,postgres
2024-06-05,CAMP_017,Google Ads,47.66,14324,276,5,2026-06-02 02:05:31.228869,2026-06-02 02:05:31.228869,postgres
2024-09-05,CAMP_027,TikTok Ads,51.14,44286,708,16,2026-06-02 02:05:31.228869,2026-06-02 02:05:31.228869,postgres
2024-08-03,CAMP_023,Google Ads,44.08,8844,290,15,2026-06-02 02:05:31.228869,2026-06-02 02:05:31.228869,postgres
2024-10-17,CAMP_029,Google Ads,59.21,12092,297,7,2026-06-02 02:05:31.228869,2026-06-02 02:05:31.228869,postgres
2024-02-23,CAMP_005,Google Ads,108.09,28826,814,15,2026-06-02 02:05:31.228869,2026-06-02 02:05:31.228869,postgres
2024-01-12,CAMP_002,Google Ads,62.36,15138,329,5,2026-06-02 02:05:31.228869,2026-06-02 02:05:31.228869,postgres
2024-02-12,CAMP_006,TikTok Ads,55.86,57187,817,32,2026-06-02 02:05:31.228869,2026-06-02 02:05:31.228869,postgres
2024-01-07,CAMP_002,Google Ads,78.36,31948,621,19,2026-06-02 02:05:31.228869,2026-06-02 02:05:31.228869,postgres
2024-06-20,CAMP_018,TikTok Ads,37.05,35862,538,12,2026-06-02 02:05:31.228869,2026-06-02 02:05:31.228869,postgres
2024-06-13,CAMP_016,Meta Ads,88.68,99021,1127,19,2026-06-02 02:05:31.228869,2026-06-02 02:05:31.228869,postgres
2024-05-07,CAMP_014,Google Ads,114.69,30150,745,37,2026-06-02 02:05:31.228869,2026-06-02 02:05:31.228869,postgres
2024-12-14,CAMP_035,Google Ads,97.52,25454,600,19,2026-06-02 02:05:31.228869,2026-06-02 02:05:31.228869,postgres
2024-08-13,CAMP_022,Meta Ads,0.0,0,0,0,2026-06-02 02:05:31.228869,2026-06-02 02:05:31.228869,postgres
2024-05-02,CAMP_013,Meta Ads,106.27,98640,1440,51,2026-06-02 02:05:31.228869,2026-06-02 02:05:31.228869,postgres
2024-11-11,CAMP_033,TikTok Ads,32.81,33349,599,22,2026-06-02 02:05:31.228869,2026-06-02 02:05:31.228869,postgres
2024-11-17,CAMP_032,Google Ads,34.31,7929,224,5,2026-06-02 02:05:31.228869,2026-06-02 02:05:31.228869,postgres
2024-03-10,CAMP_008,Google Ads,83.71,29078,632,33,2026-06-02 02:05:31.228869,2026-06-02 02:05:31.228869,postgres
2024-03-12,CAMP_007,Meta Ads,107.42,92730,1156,51,2026-06-02 02:05:31.228869,2026-06-02 02:05:31.228869,postgres
2024-02-21,CAMP_005,Google Ads,77.69,17063,546,14,2026-06-02 02:05:31.228869,2026-06-02 02:05:31.228869,postgres
2024-02-25,CAMP_006,TikTok Ads,82.22,102491,1570,66,2026-06-02 02:05:31.228869,2026-06-02 02:05:31.228869,postgres
2024-10-11,CAMP_030,TikTok Ads,56.3,67020,976,35,2026-06-02 02:05:31.228869,2026-06-02 02:05:31.228869,postgres
2024-02-03,CAMP_004,Meta Ads,0.0,0,0,0,2026-06-02 02:05:31.228869,2026-06-02 02:05:31.228869,postgres
2024-11-10,CAMP_031,Meta Ads,50.07,35454,521,19,2026-06-02 02:05:31.228869,2026-06-02 02:05:31.228869,postgres
2024-06-16,CAMP_017,Google Ads,51.29,13134,275,14,2026-06-02 02:05:31.228869,2026-06-02 02:05:31.228869,postgres
2024-02-08,CAMP_006,TikTok Ads,63.96,46767,971,19,2026-06-02 02:05:31.228869,2026-06-02 02:05:31.228869,postgres
2024-02-07,CAMP_006,TikTok Ads,49.01,39240,730,17,2026-06-02 02:05:31.228869,2026-06-02 02:05:31.228869,postgres
2024-07-09,CAMP_020,Google Ads,49.87,8861,286,9,2026-06-02 02:05:31.228869,2026-06-02 02:05:31.228869,postgres
2024-06-18,CAMP_016,Meta Ads,0.0,0,0,0,2026-06-02 02:05:31.228869,2026-06-02 02:05:31.228869,postgres
2024-02-03,CAMP_005,Google Ads,54.75,12403,398,12,2026-06-02 02:05:31.228869,2026-06-02 02:05:31.228869,postgres
2024-04-09,CAMP_012,TikTok Ads,48.82,40908,866,27,2026-06-02 02:05:31.228869,2026-06-02 02:05:31.228869,postgres
2024-07-18,CAMP_021,TikTok Ads,69.36,64969,1089,40,2026-06-02 02:05:31.228869,2026-06-02 02:05:31.228869,postgres
2024-05-08,CAMP_014,Google Ads,91.14,31762,621,17,2026-06-02 02:05:31.228869,2026-06-02 02:05:31.228869,postgres
2024-07-17,CAMP_020,Google Ads,83.67,18007,439,8,2026-06-02 02:05:31.228869,2026-06-02 02:05:31.228869,postgres
2024-02-09,CAMP_006,TikTok Ads,63.65,56675,1035,39,2026-06-02 02:05:31.228869,2026-06-02 02:05:31.228869,postgres
2024-11-11,CAMP_031,Meta Ads,50.88,60207,615,33,2026-06-02 02:05:31.228869,2026-06-02 02:05:31.228869,postgres
2024-10-12,CAMP_028,Meta Ads,60.84,71431,701,33,2026-06-02 02:05:31.228869,2026-06-02 02:05:31.228869,postgres
2024-05-11,CAMP_014,Google Ads,0.0,0,0,0,2026-06-02 02:05:31.228869,2026-06-02 02:05:31.228869,postgres
2024-02-14,CAMP_005,Google Ads,40.38,8827,306,9,2026-06-02 02:05:31.228869,2026-06-02 02:05:31.228869,postgres
2024-07-24,CAMP_021,TikTok Ads,19.31,12609,281,6,2026-06-02 02:05:31.228869,2026-06-02 02:05:31.228869,postgres
2024-04-11,CAMP_012,TikTok Ads,64.36,80731,1209,50,2026-06-02 02:05:31.228869,2026-06-02 02:05:31.228869,postgres
2024-12-11,CAMP_034,Meta Ads,124.46,119926,1486,45,2026-06-02 02:05:31.228869,2026-06-02 02:05:31.228869,postgres
2024-07-16,CAMP_019,Meta Ads,56.52,53415,744,13,2026-06-02 02:05:31.228869,2026-06-02 02:05:31.228869,postgres
2024-02-09,CAMP_005,Google Ads,62.38,14723,492,21,2026-06-02 02:05:31.228869,2026-06-02 02:05:31.228869,postgres
2024-01-19,CAMP_002,Google Ads,96.11,22744,571,26,2026-06-02 02:05:31.228869,2026-06-02 02:05:31.228869,postgres
2024-04-14,CAMP_012,TikTok Ads,47.95,30059,602,23,2026-06-02 02:05:31.228869,2026-06-02 02:05:31.228869,postgres
2024-01-16,CAMP_003,TikTok Ads,66.0,67598,1160,44,2026-06-02 02:05:31.228869,2026-06-02 02:05:31.228869,postgres
2024-10-09,CAMP_030,TikTok Ads,27.51,23980,421,15,2026-06-02 02:05:31.228869,2026-06-02 02:05:31.228869,postgres
2024-11-20,CAMP_031,Meta Ads,63.56,54931,660,14,2026-06-02 02:05:31.228869,2026-06-02 02:05:31.228869,postgres
2024-03-05,CAMP_007,Meta Ads,0.0,0,0,0,2026-06-02 02:05:31.228869,2026-06-02 02:05:31.228869,postgres
2024-08-14,CAMP_022,Meta Ads,91.93,90712,1154,21,2026-06-02 02:05:31.228869,2026-06-02 02:05:31.228869,postgres
2024-06-06,CAMP_017,Google Ads,25.09,6552,149,3,2026-06-02 02:05:31.228869,2026-06-02 02:05:31.228869,postgres
2024-05-01,CAMP_015,TikTok Ads,40.65,37954,581,18,2026-06-02 02:05:31.228869,2026-06-02 02:05:31.228869,postgres
2024-01-26,CAMP_001,Meta Ads,111.58,153565,1583,76,2026-06-02 02:05:31.228869,2026-06-02 02:05:31.228869,postgres
2024-02-15,CAMP_006,TikTok Ads,0.0,0,0,0,2026-06-02 02:05:31.228869,2026-06-02 02:05:31.228869,postgres
2024-09-09,CAMP_025,Meta Ads,77.0,58576,820,14,2026-06-02 02:05:31.228869,2026-06-02 02:05:31.228869,postgres
2024-06-18,CAMP_018,TikTok Ads,57.42,78417,1043,15,2026-06-02 02:05:31.228869,2026-06-02 02:05:31.228869,postgres
2024-06-10,CAMP_017,Google Ads,66.15,12631,359,9,2026-06-02 02:05:31.228869,2026-06-02 02:05:31.228869,postgres
2024-05-05,CAMP_015,TikTok Ads,32.33,37249,572,22,2026-06-02 02:05:31.228869,2026-06-02 02:05:31.228869,postgres
2024-12-21,CAMP_035,Google Ads,54.55,13267,313,15,2026-06-02 02:05:31.228869,2026-06-02 02:05:31.228869,postgres
2024-10-09,CAMP_028,Meta Ads,87.28,62197,971,19,2026-06-02 02:05:31.228869,2026-06-02 02:05:31.228869,postgres
2024-01-20,CAMP_002,Google Ads,140.77,42756,1080,42,2026-06-02 02:05:31.228869,2026-06-02 02:05:31.228869,postgres
2024-02-11,CAMP_006,TikTok Ads,64.01,55601,1065,22,2026-06-02 02:05:31.228869,2026-06-02 02:05:31.228869,postgres
2024-05-27,CAMP_014,Google Ads,83.78,17756,458,19,2026-06-02 02:05:31.228869,2026-06-02 02:05:31.228869,postgres
2024-05-10,CAMP_013,Meta Ads,85.07,83438,831,34,2026-06-02 02:05:31.228869,2026-06-02 02:05:31.228869,postgres
2024-05-05,CAMP_013,Meta Ads,150.36,167280,2006,65,2026-06-02 02:05:31.228869,2026-06-02 02:05:31.228869,postgres
2024-02-08,CAMP_004,Meta Ads,93.41,92955,1020,47,2026-06-02 02:05:31.228869,2026-06-02 02:05:31.228869,postgres
2024-10-13,CAMP_029,Google Ads,48.28,11474,290,12,2026-06-02 02:05:31.228869,2026-06-02 02:05:31.228869,postgres
2024-02-19,CAMP_004,Meta Ads,103.56,86155,1322,71,2026-06-02 02:05:31.228869,2026-06-02 02:05:31.228869,postgres
2024-11-05,CAMP_033,TikTok Ads,34.81,21454,455,23,2026-06-02 02:05:31.228869,2026-06-02 02:05:31.228869,postgres
2024-01-07,CAMP_003,TikTok Ads,19.46,19217,244,5,2026-06-02 02:05:31.228869,2026-06-02 02:05:31.228869,postgres
2024-02-15,CAMP_004,Meta Ads,84.44,71007,1007,20,2026-06-02 02:05:31.228869,2026-06-02 02:05:31.228869,postgres
2024-12-13,CAMP_036,TikTok Ads,34.44,24136,515,23,2026-06-02 02:05:31.228869,2026-06-02 02:05:31.228869,postgres
2024-12-19,CAMP_035,Google Ads,66.54,14934,449,13,2026-06-02 02:05:31.228869,2026-06-02 02:05:31.228869,postgres
2024-11-14,CAMP_032,Google Ads,36.6,7811,213,6,2026-06-02 02:05:31.228869,2026-06-02 02:05:31.228869,postgres
2024-01-16,CAMP_001,Meta Ads,114.86,84907,1403,44,2026-06-02 02:05:31.228869,2026-06-02 02:05:31.228869,postgres
2024-11-07,CAMP_032,Google Ads,63.77,18553,496,12,2026-06-02 02:05:31.228869,2026-06-02 02:05:31.228869,postgres
2024-08-13,CAMP_024,TikTok Ads,23.34,23122,392,18,2026-06-02 02:05:31.228869,2026-06-02 02:05:31.228869,postgres
2024-11-05,CAMP_032,Google Ads,59.8,15750,334,5,2026-06-02 02:05:31.228869,2026-06-02 02:05:31.228869,postgres
2024-10-11,CAMP_029,Google Ads,20.36,7460,145,2,2026-06-02 02:05:31.228869,2026-06-02 02:05:31.228869,postgres
2024-09-24,CAMP_025,Meta Ads,51.31,36047,599,13,2026-06-02 02:05:31.228869,2026-06-02 02:05:31.228869,postgres
2024-12-14,CAMP_034,Meta Ads,83.03,117172,1038,55,2026-06-02 02:05:31.228869,2026-06-02 02:05:31.228869,postgres
2024-09-20,CAMP_025,Meta Ads,103.65,115493,1200,22,2026-06-02 02:05:31.228869,2026-06-02 02:05:31.228869,postgres
2024-08-19,CAMP_024,TikTok Ads,0.0,0,0,0,2026-06-02 02:05:31.228869,2026-06-02 02:05:31.228869,postgres
2024-12-12,CAMP_034,Meta Ads,91.82,134079,1220,60,2026-06-02 02:05:31.228869,2026-06-02 02:05:31.228869,postgres
2024-06-15,CAMP_017,Google Ads,50.24,9371,305,9,2026-06-02 02:05:31.228869,2026-06-02 02:05:31.228869,postgres
2024-03-03,CAMP_008,Google Ads,68.56,19470,473,19,2026-06-02 02:05:31.228869,2026-06-02 02:05:31.228869,postgres
2024-09-07,CAMP_026,Google Ads,55.72,13285,437,22,2026-06-02 02:05:31.228869,2026-06-02 02:05:31.228869,postgres
2024-02-12,CAMP_004,Meta Ads,89.04,103841,1007,16,2026-06-02 02:05:31.228869,2026-06-02 02:05:31.228869,postgres
2024-04-14,CAMP_011,Google Ads,63.12,18470,454,8,2026-06-02 02:05:31.228869,2026-06-02 02:05:31.228869,postgres
2024-07-08,CAMP_021,TikTok Ads,25.85,17707,333,10,2026-06-02 02:05:31.228869,2026-06-02 02:05:31.228869,postgres
2024-03-07,CAMP_008,Google Ads,59.3,22140,417,10,2026-06-02 02:05:31.228869,2026-06-02 02:05:31.228869,postgres
2024-01-09,CAMP_003,TikTok Ads,45.19,29153,594,11,2026-06-02 02:05:31.228869,2026-06-02 02:05:31.228869,postgres
2024-06-03,CAMP_016,Meta Ads,86.0,71119,1020,31,2026-06-02 02:05:31.228869,2026-06-02 02:05:31.228869,postgres
2024-03-11,CAMP_007,Meta Ads,79.16,88918,1089,33,2026-06-02 02:05:31.228869,2026-06-02 02:05:31.228869,postgres
2024-08-06,CAMP_022,Meta Ads,111.04,118405,1084,42,2026-06-02 02:05:31.228869,2026-06-02 02:05:31.228869,postgres
2024-07-07,CAMP_019,Meta Ads,100.54,125305,1398,32,2026-06-02 02:05:31.228869,2026-06-02 02:05:31.228869,postgres
2024-05-04,CAMP_015,TikTok Ads,78.15,46291,1131,45,2026-06-02 02:05:31.228869,2026-06-02 02:05:31.228869,postgres
2024-07-14,CAMP_020,Google Ads,56.64,20401,400,21,2026-06-02 02:05:31.228869,2026-06-02 02:05:31.228869,postgres
2024-06-25,CAMP_017,Google Ads,66.55,13496,351,18,2026-06-02 02:05:31.228869,2026-06-02 02:05:31.228869,postgres
2024-01-25,CAMP_001,Meta Ads,76.2,60218,853,15,2026-06-02 02:05:31.228869,2026-06-02 02:05:31.228869,postgres
2024-01-13,CAMP_003,TikTok Ads,50.3,74328,938,37,2026-06-02 02:05:31.228869,2026-06-02 02:05:31.228869,postgres
2024-08-05,CAMP_024,TikTok Ads,17.26,17566,248,9,2026-06-02 02:05:31.228869,2026-06-02 02:05:31.228869,postgres
2024-06-04,CAMP_018,TikTok Ads,37.12,36656,542,16,2026-06-02 02:05:31.228869,2026-06-02 02:05:31.228869,postgres
2024-05-15,CAMP_014,Google Ads,64.74,13916,338,15,2026-06-02 02:05:31.228869,2026-06-02 02:05:31.228869,postgres
2024-12-04,CAMP_036,TikTok Ads,68.89,42880,906,15,2026-06-02 02:05:31.228869,2026-06-02 02:05:31.228869,postgres
2024-10-18,CAMP_028,Meta Ads,66.84,78446,918,18,2026-06-02 02:05:31.228869,2026-06-02 02:05:31.228869,postgres
2024-06-10,CAMP_018,TikTok Ads,23.61,19453,462,20,2026-06-02 02:05:31.228869,2026-06-02 02:05:31.228869,postgres
2024-05-06,CAMP_015,TikTok Ads,41.48,31659,724,33,2026-06-02 02:05:31.228869,2026-06-02 02:05:31.228869,postgres
2024-05-04,CAMP_013,Meta Ads,79.05,81367,1139,52,2026-06-02 02:05:31.228869,2026-06-02 02:05:31.228869,postgres
2024-06-23,CAMP_018,TikTok Ads,72.49,70723,995,36,2026-06-02 02:05:31.228869,2026-06-02 02:05:31.228869,postgres
2024-03-09,CAMP_007,Meta Ads,126.38,124277,1432,21,2026-06-02 02:05:31.228869,2026-06-02 02:05:31.228869,postgres
2024-02-13,CAMP_006,TikTok Ads,0.0,0,0,0,2026-06-02 02:05:31.228869,2026-06-02 02:05:31.228869,postgres
2024-03-17,CAMP_009,TikTok Ads,71.2,85388,1239,61,2026-06-02 02:05:31.228869,2026-06-02 02:05:31.228869,postgres
2024-12-17,CAMP_035,Google Ads,0.0,0,0,0,2026-06-02 02:05:31.228869,2026-06-02 02:05:31.228869,postgres
2024-09-25,CAMP_025,Meta Ads,78.68,60869,885,28,2026-06-02 02:05:31.228869,2026-06-02 02:05:31.228869,postgres
2024-02-13,CAMP_004,Meta Ads,98.98,113843,1282,22,2026-06-02 02:05:31.228869,2026-06-02 02:05:31.228869,postgres
2024-11-09,CAMP_033,TikTok Ads,13.89,13567,252,6,2026-06-02 02:05:31.228869,2026-06-02 02:05:31.228869,postgres
2024-02-17,CAMP_004,Meta Ads,0.0,0,0,0,2026-06-02 02:05:31.228869,2026-06-02 02:05:31.228869,postgres
2024-11-10,CAMP_033,TikTok Ads,53.73,41113,687,23,2026-06-02 02:05:31.228869,2026-06-02 02:05:31.228869,postgres
2024-04-11,CAMP_010,Meta Ads,139.27,105366,1367,59,2026-06-02 02:05:31.228869,2026-06-02 02:05:31.228869,postgres
2024-02-15,CAMP_005,Google Ads,158.32,41907,1154,61,2026-06-02 02:05:31.228869,2026-06-02 02:05:31.228869,postgres
2024-02-16,CAMP_004,Meta Ads,100.23,127544,1483,24,2026-06-02 02:05:31.228869,2026-06-02 02:05:31.228869,postgres
2024-06-21,CAMP_018,TikTok Ads,52.96,36064,832,16,2026-06-02 02:05:31.228869,2026-06-02 02:05:31.228869,postgres
2024-04-10,CAMP_012,TikTok Ads,0.0,0,0,0,2026-06-02 02:05:31.228869,2026-06-02 02:05:31.228869,postgres
2024-06-08,CAMP_017,Google Ads,56.01,21027,425,7,2026-06-02 02:05:31.228869,2026-06-02 02:05:31.228869,postgres
2024-01-10,CAMP_002,Google Ads,0.0,0,0,0,2026-06-02 02:05:31.228869,2026-06-02 02:05:31.228869,postgres
2024-06-13,CAMP_018,TikTok Ads,0.0,0,0,0,2026-06-02 02:05:31.228869,2026-06-02 02:05:31.228869,postgres
2024-06-03,CAMP_018,TikTok Ads,46.12,48936,632,20,2026-06-02 02:05:31.228869,2026-06-02 02:05:31.228869,postgres
2024-11-14,CAMP_033,TikTok Ads,35.0,45853,655,34,2026-06-02 02:05:31.228869,2026-06-02 02:05:31.228869,postgres
2024-05-10,CAMP_014,Google Ads,74.67,26210,467,21,2026-06-02 02:05:31.228869,2026-06-02 02:05:31.228869,postgres
2024-01-07,CAMP_001,Meta Ads,95.93,86962,1373,68,2026-06-02 02:05:31.228869,2026-06-02 02:05:31.228869,postgres
2024-04-06,CAMP_011,Google Ads,0.0,0,0,0,2026-06-02 02:05:31.228869,2026-06-02 02:05:31.228869,postgres
2024-02-11,CAMP_005,Google Ads,90.39,20252,689,14,2026-06-02 02:05:31.228869,2026-06-02 02:05:31.228869,postgres
2024-10-08,CAMP_028,Meta Ads,124.75,164574,1837,76,2026-06-02 02:05:31.228869,2026-06-02 02:05:31.228869,postgres
2024-08-04,CAMP_022,Meta Ads,64.34,81179,801,21,2026-06-02 02:05:31.228869,2026-06-02 02:05:31.228869,postgres
2024-09-11,CAMP_026,Google Ads,62.31,12136,360,13,2026-06-02 02:05:31.228869,2026-06-02 02:05:31.228869,postgres
2024-12-18,CAMP_036,TikTok Ads,11.79,11459,191,4,2026-06-02 02:05:31.228869,2026-06-02 02:05:31.228869,postgres
2024-04-08,CAMP_012,TikTok Ads,74.02,104058,1450,30,2026-06-02 02:05:31.228869,2026-06-02 02:05:31.228869,postgres
2024-12-14,CAMP_036,TikTok Ads,62.01,45127,982,41,2026-06-02 02:05:31.228869,2026-06-02 02:05:31.228869,postgres
2024-10-14,CAMP_028,Meta Ads,69.52,67971,976,18,2026-06-02 02:05:31.228869,2026-06-02 02:05:31.228869,postgres
2024-06-25,CAMP_018,TikTok Ads,51.43,37458,896,27,2026-06-02 02:05:31.228869,2026-06-02 02:05:31.228869,postgres
2024-04-06,CAMP_012,TikTok Ads,58.5,29766,737,18,2026-06-02 02:05:31.228869,2026-06-02 02:05:31.228869,postgres
2024-10-16,CAMP_030,TikTok Ads,51.3,47948,982,46,2026-06-02 02:05:31.228869,2026-06-02 02:05:31.228869,postgres
2024-09-13,CAMP_025,Meta Ads,70.9,77486,1014,54,2026-06-02 02:05:31.228869,2026-06-02 02:05:31.228869,postgres
2024-11-08,CAMP_033,TikTok Ads,29.12,16963,408,18,2026-06-02 02:05:31.228869,2026-06-02 02:05:31.228869,postgres
2024-03-06,CAMP_008,Google Ads,95.37,30428,604,32,2026-06-02 02:05:31.228869,2026-06-02 02:05:31.228869,postgres
2024-01-21,CAMP_002,Google Ads,106.61,22972,608,11,2026-06-02 02:05:31.228869,2026-06-02 02:05:31.228869,postgres
2024-12-09,CAMP_034,Meta Ads,0.0,0,0,0,2026-06-02 02:05:31.228869,2026-06-02 02:05:31.228869,postgres
2024-11-18,CAMP_031,Meta Ads,88.6,92193,1237,38,2026-06-02 02:05:31.228869,2026-06-02 02:05:31.228869,postgres
2024-08-07,CAMP_024,TikTok Ads,41.28,28563,719,23,2026-06-02 02:05:31.228869,2026-06-02 02:05:31.228869,postgres
2024-11-06,CAMP_033,TikTok Ads,40.17,27095,540,24,2026-06-02 02:05:31.228869,2026-06-02 02:05:31.228869,postgres
2024-09-17,CAMP_027,TikTok Ads,42.34,41672,689,22,2026-06-02 02:05:31.228869,2026-06-02 02:05:31.228869,postgres
2024-10-15,CAMP_028,Meta Ads,76.45,55239,872,38,2026-06-02 02:05:31.228869,2026-06-02 02:05:31.228869,postgres
2024-06-21,CAMP_017,Google Ads,53.19,10330,325,9,2026-06-02 02:05:31.228869,2026-06-02 02:05:31.228869,postgres
2024-03-09,CAMP_009,TikTok Ads,83.93,79925,1200,62,2026-06-02 02:05:31.228869,2026-06-02 02:05:31.228869,postgres
2024-03-07,CAMP_007,Meta Ads,124.06,146329,1250,57,2026-06-02 02:05:31.228869,2026-06-02 02:05:31.228869,postgres
2024-11-10,CAMP_032,Google Ads,10.64,2778,84,4,2026-06-02 02:05:31.228869,2026-06-02 02:05:31.228869,postgres
2024-10-17,CAMP_030,TikTok Ads,33.26,33596,574,12,2026-06-02 02:05:31.228869,2026-06-02 02:05:31.228869,postgres
2024-02-19,CAMP_005,Google Ads,96.59,34403,683,18,2026-06-02 02:05:31.228869,2026-06-02 02:05:31.228869,postgres
2024-03-04,CAMP_007,Meta Ads,105.6,95646,1230,47,2026-06-02 02:05:31.228869,2026-06-02 02:05:31.228869,postgres
2024-04-17,CAMP_012,TikTok Ads,0.0,0,0,0,2026-06-02 02:05:31.228869,2026-06-02 02:05:31.228869,postgres
2024-05-25,CAMP_014,Google Ads,107.16,18076,598,26,2026-06-02 02:05:31.228869,2026-06-02 02:05:31.228869,postgres
2024-08-20,CAMP_024,TikTok Ads,23.99,18248,378,11,2026-06-02 02:05:31.228869,2026-06-02 02:05:31.228869,postgres
2024-10-07,CAMP_029,Google Ads,52.59,17174,317,7,2026-06-02 02:05:31.228869,2026-06-02 02:05:31.228869,postgres
2024-02-27,CAMP_006,TikTok Ads,81.23,58184,1256,28,2026-06-02 02:05:31.228869,2026-06-02 02:05:31.228869,postgres
2024-10-16,CAMP_028,Meta Ads,84.65,62288,987,16,2026-06-02 02:05:31.228869,2026-06-02 02:05:31.228869,postgres
2024-12-16,CAMP_036,TikTok Ads,57.84,55219,928,35,2026-06-02 02:05:31.228869,2026-06-02 02:05:31.228869,postgres
2024-01-28,CAMP_001,Meta Ads,0.0,0,0,0,2026-06-02 02:05:31.228869,2026-06-02 02:05:31.228869,postgres
2024-01-05,CAMP_001,Meta Ads,91.08,123239,1089,50,2026-06-02 02:05:31.228869,2026-06-02 02:05:31.228869,postgres
2024-10-19,CAMP_030,TikTok Ads,25.2,21614,436,18,2026-06-02 02:05:31.228869,2026-06-02 02:05:31.228869,postgres
2024-09-11,CAMP_027,TikTok Ads,53.54,59066,958,48,2026-06-02 02:05:31.228869,2026-06-02 02:05:31.228869,postgres
2024-08-13,CAMP_023,Google Ads,25.72,5432,156,5,2026-06-02 02:05:31.228869,2026-06-02 02:05:31.228869,postgres
2024-01-14,CAMP_001,Meta Ads,77.3,120225,1152,26,2026-06-02 02:05:31.228869,2026-06-02 02:05:31.228869,postgres
2024-07-16,CAMP_021,TikTok Ads,57.29,45757,1140,53,2026-06-02 02:05:31.228869,2026-06-02 02:05:31.228869,postgres
2024-09-03,CAMP_027,TikTok Ads,0.0,0,0,0,2026-06-02 02:05:31.228869,2026-06-02 02:05:31.228869,postgres
2024-06-08,CAMP_018,TikTok Ads,68.91,80050,1039,55,2026-06-02 02:05:31.228869,2026-06-02 02:05:31.228869,postgres
2024-10-21,CAMP_029,Google Ads,44.49,6903,236,4,2026-06-02 02:05:31.228869,2026-06-02 02:05:31.228869,postgres
2024-12-06,CAMP_036,TikTok Ads,22.47,32628,441,10,2026-06-02 02:05:31.228869,2026-06-02 02:05:31.228869,postgres
2024-02-09,CAMP_004,Meta Ads,162.21,146913,2249,110,2026-06-02 02:05:31.228869,2026-06-02 02:05:31.228869,postgres
2024-07-13,CAMP_019,Meta Ads,41.18,30411,412,21,2026-06-02 02:05:31.228869,2026-06-02 02:05:31.228869,postgres
2024-12-05,CAMP_034,Meta Ads,135.63,120519,1316,44,2026-06-02 02:05:31.228869,2026-06-02 02:05:31.228869,postgres
2024-03-14,CAMP_007,Meta Ads,0.0,0,0,0,2026-06-02 02:05:31.228869,2026-06-02 02:05:31.228869,postgres
2024-09-07,CAMP_027,TikTok Ads,0.0,0,0,0,2026-06-02 02:05:31.228869,2026-06-02 02:05:31.228869,postgres
2024-07-10,CAMP_020,Google Ads,15.83,5168,94,2,2026-06-02 02:05:31.228869,2026-06-02 02:05:31.228869,postgres
2024-02-11,CAMP_004,Meta Ads,131.2,150525,1738,37,2026-06-02 02:05:31.228869,2026-06-02 02:05:31.228869,postgres
2024-09-04,CAMP_026,Google Ads,85.5,34999,649,27,2026-06-02 02:05:31.228869,2026-06-02 02:05:31.228869,postgres
2024-06-04,CAMP_016,Meta Ads,82.61,64889,1051,54,2026-06-02 02:05:31.228869,2026-06-02 02:05:31.228869,postgres
2024-11-09,CAMP_031,Meta Ads,54.52,44175,649,19,2026-06-02 02:05:31.228869,2026-06-02 02:05:31.228869,postgres
2024-09-10,CAMP_026,Google Ads,19.24,4091,97,4,2026-06-02 02:05:31.228869,2026-06-02 02:05:31.228869,postgres
2024-07-15,CAMP_020,Google Ads,49.53,15890,340,9,2026-06-02 02:05:31.228869,2026-06-02 02:05:31.228869,postgres
2024-05-09,CAMP_013,Meta Ads,107.86,133006,1408,30,2026-06-02 02:05:31.228869,2026-06-02 02:05:31.228869,postgres
2024-10-13,CAMP_028,Meta Ads,24.75,22484,303,10,2026-06-02 02:05:31.228869,2026-06-02 02:05:31.228869,postgres
2024-09-12,CAMP_025,Meta Ads,62.86,67906,611,23,2026-06-02 02:05:31.228869,2026-06-02 02:05:31.228869,postgres
2024-04-14,CAMP_010,Meta Ads,117.8,83084,1349,64,2026-06-02 02:05:31.228869,2026-06-02 02:05:31.228869,postgres
2024-07-08,CAMP_020,Google Ads,63.06,18963,475,14,2026-06-02 02:05:31.228869,2026-06-02 02:05:31.228869,postgres
2024-05-12,CAMP_015,TikTok Ads,63.48,50474,1149,56,2026-06-02 02:05:31.228869,2026-06-02 02:05:31.228869,postgres
2024-07-12,CAMP_021,TikTok Ads,11.42,7687,159,4,2026-06-02 02:05:31.228869,2026-06-02 02:05:31.228869,postgres
2024-09-18,CAMP_027,TikTok Ads,57.67,56029,896,20,2026-06-02 02:05:31.228869,2026-06-02 02:05:31.228869,postgres
2024-10-15,CAMP_030,TikTok Ads,25.0,24099,348,18,2026-06-02 02:05:31.228869,2026-06-02 02:05:31.228869,postgres
2024-03-06,CAMP_007,Meta Ads,176.0,162228,2416,86,2026-06-02 02:05:31.228869,2026-06-02 02:05:31.228869,postgres
2024-07-14,CAMP_019,Meta Ads,51.24,54212,639,30,2026-06-02 02:05:31.228869,2026-06-02 02:05:31.228869,postgres
2024-09-09,CAMP_027,TikTok Ads,40.18,31019,703,36,2026-06-02 02:05:31.228869,2026-06-02 02:05:31.228869,postgres
2024-07-11,CAMP_019,Meta Ads,0.0,0,0,0,2026-06-02 02:05:31.228869,2026-06-02 02:05:31.228869,postgres
2024-06-09,CAMP_017,Google Ads,68.61,14802,405,19,2026-06-02 02:05:31.228869,2026-06-02 02:05:31.228869,postgres
2024-05-03,CAMP_014,Google Ads,118.02,28481,675,12,2026-06-02 02:05:31.228869,2026-06-02 02:05:31.228869,postgres
2024-07-22,CAMP_021,TikTok Ads,26.82,25224,532,26,2026-06-02 02:05:31.228869,2026-06-02 02:05:31.228869,postgres
2024-05-24,CAMP_014,Google Ads,86.41,21369,606,27,2026-06-02 02:05:31.228869,2026-06-02 02:05:31.228869,postgres
2024-12-20,CAMP_036,TikTok Ads,37.75,31427,700,13,2026-06-02 02:05:31.228869,2026-06-02 02:05:31.228869,postgres
2024-11-19,CAMP_032,Google Ads,38.94,8173,253,4,2026-06-02 02:05:31.228869,2026-06-02 02:05:31.228869,postgres
2024-06-09,CAMP_016,Meta Ads,54.35,69852,692,29,2026-06-02 02:05:31.228869,2026-06-02 02:05:31.228869,postgres
2024-09-19,CAMP_027,TikTok Ads,47.58,53229,919,41,2026-06-02 02:05:31.228869,2026-06-02 02:05:31.228869,postgres
2024-11-14,CAMP_031,Meta Ads,86.99,93358,815,44,2026-06-02 02:05:31.228869,2026-06-02 02:05:31.228869,postgres
2024-04-17,CAMP_010,Meta Ads,60.02,59552,851,37,2026-06-02 02:05:31.228869,2026-06-02 02:05:31.228869,postgres
2024-03-04,CAMP_008,Google Ads,96.61,17373,583,15,2026-06-02 02:05:31.228869,2026-06-02 02:05:31.228869,postgres
2024-07-05,CAMP_020,Google Ads,45.69,9571,328,7,2026-06-02 02:05:31.228869,2026-06-02 02:05:31.228869,postgres
2024-05-13,CAMP_013,Meta Ads,127.77,88269,1419,75,2026-06-02 02:05:31.228869,2026-06-02 02:05:31.228869,postgres
2024-12-05,CAMP_035,Google Ads,85.89,22428,502,15,2026-06-02 02:05:31.228869,2026-06-02 02:05:31.228869,postgres
2024-10-20,CAMP_028,Meta Ads,50.2,37679,595,20,2026-06-02 02:05:31.228869,2026-06-02 02:05:31.228869,postgres
2024-05-09,CAMP_014,Google Ads,132.39,44340,936,28,2026-06-02 02:05:31.228869,2026-06-02 02:05:31.228869,postgres
2024-06-22,CAMP_018,TikTok Ads,47.98,47438,777,30,2026-06-02 02:05:31.228869,2026-06-02 02:05:31.228869,postgres
2024-06-16,CAMP_018,TikTok Ads,26.54,22199,420,10,2026-06-02 02:05:31.228869,2026-06-02 02:05:31.228869,postgres
2024-03-05,CAMP_009,TikTok Ads,0.0,0,0,0,2026-06-02 02:05:31.228869,2026-06-02 02:05:31.228869,postgres
2024-11-19,CAMP_031,Meta Ads,94.21,147040,1344,61,2026-06-02 02:05:31.228869,2026-06-02 02:05:31.228869,postgres
2024-03-09,CAMP_008,Google Ads,0.0,0,0,0,2026-06-02 02:05:31.228869,2026-06-02 02:05:31.228869,postgres
2024-09-04,CAMP_025,Meta Ads,35.41,22299,341,16,2026-06-02 02:05:31.228869,2026-06-02 02:05:31.228869,postgres
2024-11-07,CAMP_033,TikTok Ads,50.03,47027,962,19,2026-06-02 02:05:31.228869,2026-06-02 02:05:31.228869,postgres
2024-06-19,CAMP_017,Google Ads,73.6,18233,408,9,2026-06-02 02:05:31.228869,2026-06-02 02:05:31.228869,postgres
2024-10-26,CAMP_030,TikTok Ads,33.26,30787,600,30,2026-06-02 02:05:31.228869,2026-06-02 02:05:31.228869,postgres
2024-07-19,CAMP_021,TikTok Ads,33.53,25769,592,22,2026-06-02 02:05:31.228869,2026-06-02 02:05:31.228869,postgres
2024-03-16,CAMP_009,TikTok Ads,21.42,23949,402,17,2026-06-02 02:05:31.228869,2026-06-02 02:05:31.228869,postgres
2024-03-13,CAMP_008,Google Ads,98.11,35072,713,24,2026-06-02 02:05:31.228869,2026-06-02 02:05:31.228869,postgres
2024-03-13,CAMP_007,Meta Ads,114.97,67799,1115,58,2026-06-02 02:05:31.228869,2026-06-02 02:05:31.228869,postgres
2024-05-15,CAMP_013,Meta Ads,127.02,85115,1329,55,2026-06-02 02:05:31.228869,2026-06-02 02:05:31.228869,postgres
2024-04-15,CAMP_011,Google Ads,61.99,18740,437,7,2026-06-02 02:05:31.228869,2026-06-02 02:05:31.228869,postgres
2024-02-16,CAMP_005,Google Ads,87.73,17140,554,28,2026-06-02 02:05:31.228869,2026-06-02 02:05:31.228869,postgres
2024-10-20,CAMP_030,TikTok Ads,21.22,26101,396,13,2026-06-02 02:05:31.228869,2026-06-02 02:05:31.228869,postgres
2024-09-08,CAMP_027,TikTok Ads,13.22,8935,204,3,2026-06-02 02:05:31.228869,2026-06-02 02:05:31.228869,postgres
2024-07-20,CAMP_020,Google Ads,0.0,0,0,0,2026-06-02 02:05:31.228869,2026-06-02 02:05:31.228869,postgres
2024-06-12,CAMP_018,TikTok Ads,62.66,75500,1248,35,2026-06-02 02:05:31.228869,2026-06-02 02:05:31.228869,postgres
2024-01-16,CAMP_002,Google Ads,122.6,22563,625,34,2026-06-02 02:05:31.228869,2026-06-02 02:05:31.228869,postgres
2024-11-15,CAMP_031,Meta Ads,80.68,103856,1006,44,2026-06-02 02:05:31.228869,2026-06-02 02:05:31.228869,postgres
2024-09-10,CAMP_025,Meta Ads,28.74,25926,302,5,2026-06-02 02:05:31.228869,2026-06-02 02:05:31.228869,postgres
2024-06-26,CAMP_018,TikTok Ads,50.19,45754,844,16,2026-06-02 02:05:31.228869,2026-06-02 02:05:31.228869,postgres
2024-09-13,CAMP_026,Google Ads,72.14,18497,490,12,2026-06-02 02:05:31.228869,2026-06-02 02:05:31.228869,postgres
2024-09-06,CAMP_026,Google Ads,56.88,16332,399,8,2026-06-02 02:05:31.228869,2026-06-02 02:05:31.228869,postgres
2024-06-08,CAMP_016,Meta Ads,65.4,60816,867,35,2026-06-02 02:05:31.228869,2026-06-02 02:05:31.228869,postgres
2024-12-21,CAMP_034,Meta Ads,87.52,90407,1055,53,2026-06-02 02:05:31.228869,2026-06-02 02:05:31.228869,postgres
2024-02-13,CAMP_005,Google Ads,84.65,15373,474,14,2026-06-02 02:05:31.228869,2026-06-02 02:05:31.228869,postgres
2024-10-16,CAMP_029,Google Ads,81.67,15489,540,26,2026-06-02 02:05:31.228869,2026-06-02 02:05:31.228869,postgres
2024-11-08,CAMP_032,Google Ads,0.0,0,0,0,2026-06-02 02:05:31.228869,2026-06-02 02:05:31.228869,postgres
2024-06-17,CAMP_018,TikTok Ads,47.73,37752,833,37,2026-06-02 02:05:31.228869,2026-06-02 02:05:31.228869,postgres
2024-01-11,CAMP_001,Meta Ads,99.17,103533,1372,55,2026-06-02 02:05:31.228869,2026-06-02 02:05:31.228869,postgres
2024-06-11,CAMP_018,TikTok Ads,63.58,37553,929,14,2026-06-02 02:05:31.228869,2026-06-02 02:05:31.228869,postgres
2024-02-07,CAMP_005,Google Ads,62.95,15729,432,17,2026-06-02 02:05:31.228869,2026-06-02 02:05:31.228869,postgres
2024-02-12,CAMP_005,Google Ads,106.08,28953,805,24,2026-06-02 02:05:31.228869,2026-06-02 02:05:31.228869,postgres
2024-06-13,CAMP_017,Google Ads,10.44,2303,62,3,2026-06-02 02:05:31.228869,2026-06-02 02:05:31.228869,postgres
2024-08-09,CAMP_022,Meta Ads,92.27,74453,1217,32,2026-06-02 02:05:31.228869,2026-06-02 02:05:31.228869,postgres
2024-07-05,CAMP_021,TikTok Ads,47.43,59529,788,25,2026-06-02 02:05:31.228869,2026-06-02 02:05:31.228869,postgres
2024-07-15,CAMP_021,TikTok Ads,27.3,29067,396,21,2026-06-02 02:05:31.228869,2026-06-02 02:05:31.228869,postgres
2024-03-15,CAMP_009,TikTok Ads,92.14,114536,1742,31,2026-06-02 02:05:31.228869,2026-06-02 02:05:31.228869,postgres
2024-03-17,CAMP_008,Google Ads,82.49,30882,592,19,2026-06-02 02:05:31.228869,2026-06-02 02:05:31.228869,postgres
2024-09-06,CAMP_025,Meta Ads,78.04,83678,994,52,2026-06-02 02:05:31.228869,2026-06-02 02:05:31.228869,postgres
2024-08-11,CAMP_024,TikTok Ads,34.77,36765,522,16,2026-06-02 02:05:31.228869,2026-06-02 02:05:31.228869,postgres
2024-12-03,CAMP_036,TikTok Ads,26.31,22468,409,15,2026-06-02 02:05:31.228869,2026-06-02 02:05:31.228869,postgres
2024-01-22,CAMP_001,Meta Ads,84.98,128821,1191,29,2026-06-02 02:05:31.228869,2026-06-02 02:05:31.228869,postgres
2024-10-19,CAMP_028,Meta Ads,62.67,62892,717,20,2026-06-02 02:05:31.228869,2026-06-02 02:05:31.228869,postgres
2024-01-15,CAMP_002,Google Ads,102.46,30134,569,13,2026-06-02 02:05:31.228869,2026-06-02 02:05:31.228869,postgres
2024-10-18,CAMP_029,Google Ads,37.25,6972,223,3,2026-06-02 02:05:31.228869,2026-06-02 02:05:31.228869,postgres
2024-05-18,CAMP_014,Google Ads,71.31,12846,449,16,2026-06-02 02:05:31.228869,2026-06-02 02:05:31.228869,postgres
2024-03-05,CAMP_008,Google Ads,117.52,30332,609,9,2026-06-02 02:05:31.228869,2026-06-02 02:05:31.228869,postgres
2024-12-18,CAMP_034,Meta Ads,62.35,40728,647,21,2026-06-02 02:05:31.228869,2026-06-02 02:05:31.228869,postgres
2024-01-03,CAMP_003,TikTok Ads,79.02,61293,1276,67,2026-06-02 02:05:31.228869,2026-06-02 02:05:31.228869,postgres
2024-02-18,CAMP_004,Meta Ads,56.99,34754,571,15,2026-06-02 02:05:31.228869,2026-06-02 02:05:31.228869,postgres
2024-11-25,CAMP_032,Google Ads,73.89,15474,476,12,2026-06-02 02:05:31.228869,2026-06-02 02:05:31.228869,postgres
2024-04-11,CAMP_011,Google Ads,88.52,17900,509,19,2026-06-02 02:05:31.228869,2026-06-02 02:05:31.228869,postgres
2024-02-20,CAMP_006,TikTok Ads,78.77,58340,1434,61,2026-06-02 02:05:31.228869,2026-06-02 02:05:31.228869,postgres
2024-06-28,CAMP_017,Google Ads,88.81,21444,452,12,2026-06-02 02:05:31.228869,2026-06-02 02:05:31.228869,postgres
2024-05-08,CAMP_015,TikTok Ads,63.62,51037,810,13,2026-06-02 02:05:31.228869,2026-06-02 02:05:31.228869,postgres
2024-02-05,CAMP_006,TikTok Ads,66.68,63468,858,26,2026-06-02 02:05:31.228869,2026-06-02 02:05:31.228869,postgres
2024-03-13,CAMP_009,TikTok Ads,42.86,35225,840,26,2026-06-02 02:05:31.228869,2026-06-02 02:05:31.228869,postgres
2024-12-13,CAMP_035,Google Ads,65.9,14732,437,15,2026-06-02 02:05:31.228869,2026-06-02 02:05:31.228869,postgres
2024-02-28,CAMP_006,TikTok Ads,60.07,55479,777,27,2026-06-02 02:05:31.228869,2026-06-02 02:05:31.228869,postgres
2024-01-10,CAMP_003,TikTok Ads,56.19,42427,910,49,2026-06-02 02:05:31.228869,2026-06-02 02:05:31.228869,postgres
2024-08-14,CAMP_023,Google Ads,61.69,11181,374,5,2026-06-02 02:05:31.228869,2026-06-02 02:05:31.228869,postgres
2024-09-08,CAMP_026,Google Ads,84.1,22136,526,20,2026-06-02 02:05:31.228869,2026-06-02 02:05:31.228869,postgres
2024-12-22,CAMP_034,Meta Ads,112.72,93538,1269,66,2026-06-02 02:05:31.228869,2026-06-02 02:05:31.228869,postgres
2024-10-06,CAMP_030,TikTok Ads,40.55,38844,756,13,2026-06-02 02:05:31.228869,2026-06-02 02:05:31.228869,postgres
2024-09-04,CAMP_027,TikTok Ads,43.81,31204,688,35,2026-06-02 02:05:31.228869,2026-06-02 02:05:31.228869,postgres
2024-07-21,CAMP_021,TikTok Ads,25.35,15527,365,6,2026-06-02 02:05:31.228869,2026-06-02 02:05:31.228869,postgres
2024-02-23,CAMP_006,TikTok Ads,56.47,49943,862,14,2026-06-02 02:05:31.228869,2026-06-02 02:05:31.228869,postgres
2024-04-10,CAMP_010,Meta Ads,134.94,96768,1546,73,2026-06-02 02:05:31.228869,2026-06-02 02:05:31.228869,postgres
2024-08-10,CAMP_023,Google Ads,54.74,10885,312,14,2026-06-02 02:05:31.228869,2026-06-02 02:05:31.228869,postgres
2024-01-05,CAMP_003,TikTok Ads,60.53,73699,971,20,2026-06-02 02:05:31.228869,2026-06-02 02:05:31.228869,postgres
2024-01-09,CAMP_002,Google Ads,94.55,23815,731,34,2026-06-02 02:05:31.228869,2026-06-02 02:05:31.228869,postgres
2024-11-19,CAMP_033,TikTok Ads,30.02,16910,415,9,2026-06-02 02:05:31.228869,2026-06-02 02:05:31.228869,postgres
2024-06-07,CAMP_016,Meta Ads,138.02,97055,1583,34,2026-06-02 02:05:31.228869,2026-06-02 02:05:31.228869,postgres
2024-08-14,CAMP_024,TikTok Ads,20.42,22394,394,10,2026-06-02 02:05:31.228869,2026-06-02 02:05:31.228869,postgres
2024-02-04,CAMP_004,Meta Ads,131.19,82474,1318,23,2026-06-02 02:05:31.228869,2026-06-02 02:05:31.228869,postgres
2024-04-16,CAMP_011,Google Ads,99.85,27218,782,32,2026-06-02 02:05:31.228869,2026-06-02 02:05:31.228869,postgres
2024-10-11,CAMP_028,Meta Ads,0.0,0,0,0,2026-06-02 02:05:31.228869,2026-06-02 02:05:31.228869,postgres
2024-06-14,CAMP_016,Meta Ads,0.0,0,0,0,2026-06-02 02:05:31.228869,2026-06-02 02:05:31.228869,postgres
2024-03-12,CAMP_009,TikTok Ads,97.79,110028,1778,51,2026-06-02 02:05:31.228869,2026-06-02 02:05:31.228869,postgres
2024-02-04,CAMP_006,TikTok Ads,59.26,40935,774,36,2026-06-02 02:05:31.228869,2026-06-02 02:05:31.228869,postgres
2024-12-15,CAMP_036,TikTok Ads,39.66,26831,562,22,2026-06-02 02:05:31.228869,2026-06-02 02:05:31.228869,postgres
2024-10-21,CAMP_030,TikTok Ads,22.79,25707,435,18,2026-06-02 02:05:31.228869,2026-06-02 02:05:31.228869,postgres
2024-08-06,CAMP_023,Google Ads,58.24,13459,413,20,2026-06-02 02:05:31.228869,2026-06-02 02:05:31.228869,postgres
2024-09-13,CAMP_027,TikTok Ads,44.0,28350,628,28,2026-06-02 02:05:31.228869,2026-06-02 02:05:31.228869,postgres
2024-10-25,CAMP_030,TikTok Ads,18.61,24662,361,19,2026-06-02 02:05:31.228869,2026-06-02 02:05:31.228869,postgres
2024-05-12,CAMP_013,Meta Ads,99.42,94583,1220,35,2026-06-02 02:05:31.228869,2026-06-02 02:05:31.228869,postgres
2024-12-10,CAMP_035,Google Ads,57.71,12354,366,16,2026-06-02 02:05:31.228869,2026-06-02 02:05:31.228869,postgres
2024-11-22,CAMP_032,Google Ads,37.52,9166,252,7,2026-06-02 02:05:31.228869,2026-06-02 02:05:31.228869,postgres
2024-11-12,CAMP_031,Meta Ads,34.34,42209,506,17,2026-06-02 02:05:31.228869,2026-06-02 02:05:31.228869,postgres
2024-12-09,CAMP_035,Google Ads,82.1,21254,432,23,2026-06-02 02:05:31.228869,2026-06-02 02:05:31.228869,postgres
2024-09-18,CAMP_025,Meta Ads,98.7,100675,1197,19,2026-06-02 02:05:31.228869,2026-06-02 02:05:31.228869,postgres
2024-05-14,CAMP_014,Google Ads,102.62,17528,569,28,2026-06-02 02:05:31.228869,2026-06-02 02:05:31.228869,postgres
2024-10-08,CAMP_029,Google Ads,51.5,16624,291,15,2026-06-02 02:05:31.228869,2026-06-02 02:05:31.228869,postgres
2024-12-15,CAMP_035,Google Ads,56.81,11657,366,13,2026-06-02 02:05:31.228869,2026-06-02 02:05:31.228869,postgres
2024-09-16,CAMP_025,Meta Ads,69.06,47032,786,33,2026-06-02 02:05:31.228869,2026-06-02 02:05:31.228869,postgres
2024-04-13,CAMP_012,TikTok Ads,57.1,56684,899,29,2026-06-02 02:05:31.228869,2026-06-02 02:05:31.228869,postgres
2024-05-12,CAMP_014,Google Ads,110.34,18368,554,20,2026-06-02 02:05:31.228869,2026-06-02 02:05:31.228869,postgres
2024-09-05,CAMP_026,Google Ads,59.74,13763,373,11,2026-06-02 02:05:31.228869,2026-06-02 02:05:31.228869,postgres
2024-03-14,CAMP_009,TikTok Ads,60.71,42497,852,19,2026-06-02 02:05:31.228869,2026-06-02 02:05:31.228869,postgres
2024-11-08,CAMP_031,Meta Ads,52.27,46843,726,22,2026-06-02 02:05:31.228869,2026-06-02 02:05:31.228869,postgres
2024-09-14,CAMP_026,Google Ads,51.31,20592,369,14,2026-06-02 02:05:31.228869,2026-06-02 02:05:31.228869,postgres
2024-06-26,CAMP_017,Google Ads,46.95,11691,300,13,2026-06-02 02:05:31.228869,2026-06-02 02:05:31.228869,postgres
2024-02-04,CAMP_005,Google Ads,60.71,13365,314,8,2026-06-02 02:05:31.228869,2026-06-02 02:05:31.228869,postgres
2024-09-16,CAMP_027,TikTok Ads,36.52,29372,640,24,2026-06-02 02:05:31.228869,2026-06-02 02:05:31.228869,postgres
2024-10-07,CAMP_030,TikTok Ads,33.25,21944,418,19,2026-06-02 02:05:31.228869,2026-06-02 02:05:31.228869,postgres
2024-04-18,CAMP_011,Google Ads,94.4,17139,594,10,2026-06-02 02:05:31.228869,2026-06-02 02:05:31.228869,postgres
2024-12-06,CAMP_035,Google Ads,48.16,11500,304,7,2026-06-02 02:05:31.228869,2026-06-02 02:05:31.228869,postgres
2024-02-05,CAMP_005,Google Ads,62.6,17686,417,15,2026-06-02 02:05:31.228869,2026-06-02 02:05:31.228869,postgres
2024-11-17,CAMP_033,TikTok Ads,35.27,31332,515,27,2026-06-02 02:05:31.228869,2026-06-02 02:05:31.228869,postgres
2024-08-09,CAMP_024,TikTok Ads,9.0,6837,142,2,2026-06-02 02:05:31.228869,2026-06-02 02:05:31.228869,postgres
2024-11-06,CAMP_031,Meta Ads,57.55,51645,786,22,2026-06-02 02:05:31.228869,2026-06-02 02:05:31.228869,postgres
2024-07-13,CAMP_021,TikTok Ads,22.85,15470,326,15,2026-06-02 02:05:31.228869,2026-06-02 02:05:31.228869,postgres
2024-12-22,CAMP_036,TikTok Ads,0.0,0,0,0,2026-06-02 02:05:31.228869,2026-06-02 02:05:31.228869,postgres
2024-12-08,CAMP_034,Meta Ads,93.31,86241,1090,16,2026-06-02 02:05:31.228869,2026-06-02 02:05:31.228869,postgres
2024-05-14,CAMP_013,Meta Ads,82.53,74165,938,49,2026-06-02 02:05:31.228869,2026-06-02 02:05:31.228869,postgres
2024-02-02,CAMP_005,Google Ads,49.07,16091,325,12,2026-06-02 02:05:31.228869,2026-06-02 02:05:31.228869,postgres
2024-03-08,CAMP_009,TikTok Ads,35.29,25726,507,14,2026-06-02 02:05:31.228869,2026-06-02 02:05:31.228869,postgres
2024-03-14,CAMP_008,Google Ads,103.61,20689,594,24,2026-06-02 02:05:31.228869,2026-06-02 02:05:31.228869,postgres
2024-08-08,CAMP_022,Meta Ads,36.33,30258,483,22,2026-06-02 02:05:31.228869,2026-06-02 02:05:31.228869,postgres
2024-02-16,CAMP_006,TikTok Ads,76.84,59455,1019,26,2026-06-02 02:05:31.228869,2026-06-02 02:05:31.228869,postgres
2024-01-18,CAMP_002,Google Ads,117.84,18612,622,25,2026-06-02 02:05:31.228869,2026-06-02 02:05:31.228869,postgres
2024-01-20,CAMP_001,Meta Ads,88.11,79382,981,46,2026-06-02 02:05:31.228869,2026-06-02 02:05:31.228869,postgres
2024-07-14,CAMP_021,TikTok Ads,26.21,27780,489,10,2026-06-02 02:05:31.228869,2026-06-02 02:05:31.228869,postgres
2024-10-05,CAMP_030,TikTok Ads,29.26,29061,392,20,2026-06-02 02:05:31.228869,2026-06-02 02:05:31.228869,postgres
2024-08-01,CAMP_022,Meta Ads,86.83,71449,1110,18,2026-06-02 02:05:31.228869,2026-06-02 02:05:31.228869,postgres
2024-10-24,CAMP_030,TikTok Ads,26.45,14453,348,5,2026-06-02 02:05:31.228869,2026-06-02 02:05:31.228869,postgres
2024-06-06,CAMP_016,Meta Ads,19.74,19727,264,4,2026-06-02 02:05:31.228869,2026-06-02 02:05:31.228869,postgres
2024-12-17,CAMP_036,TikTok Ads,70.93,57831,1189,42,2026-06-02 02:05:31.228869,2026-06-02 02:05:31.228869,postgres
2024-10-04,CAMP_030,TikTok Ads,47.95,42435,706,15,2026-06-02 02:05:31.228869,2026-06-02 02:05:31.228869,postgres
2024-12-07,CAMP_036,TikTok Ads,48.19,42436,826,16,2026-06-02 02:05:31.228869,2026-06-02 02:05:31.228869,postgres
2024-04-07,CAMP_012,TikTok Ads,77.69,71991,1153,44,2026-06-02 02:05:31.228869,2026-06-02 02:05:31.228869,postgres
2024-02-08,CAMP_005,Google Ads,0.0,0,0,0,2026-06-02 02:05:31.228869,2026-06-02 02:05:31.228869,postgres
2024-05-21,CAMP_014,Google Ads,0.0,0,0,0,2026-06-02 02:05:31.228869,2026-06-02 02:05:31.228869,postgres
2024-04-01,CAMP_012,TikTok Ads,31.05,23409,414,18,2026-06-02 02:05:31.228869,2026-06-02 02:05:31.228869,postgres
2024-12-19,CAMP_036,TikTok Ads,45.66,25360,616,30,2026-06-02 02:05:31.228869,2026-06-02 02:05:31.228869,postgres
2024-10-10,CAMP_028,Meta Ads,78.93,75853,1069,26,2026-06-02 02:05:31.228869,2026-06-02 02:05:31.228869,postgres
2024-07-09,CAMP_019,Meta Ads,44.5,53564,623,20,2026-06-02 02:05:31.228869,2026-06-02 02:05:31.228869,postgres
2024-11-06,CAMP_032,Google Ads,90.89,18668,607,25,2026-06-02 02:05:31.228869,2026-06-02 02:05:31.228869,postgres
2024-10-19,CAMP_029,Google Ads,26.17,6546,136,5,2026-06-02 02:05:31.228869,2026-06-02 02:05:31.228869,postgres
2024-10-21,CAMP_028,Meta Ads,23.34,27838,251,10,2026-06-02 02:05:31.228869,2026-06-02 02:05:31.228869,postgres
2024-10-20,CAMP_029,Google Ads,28.83,7470,180,9,2026-06-02 02:05:31.228869,2026-06-02 02:05:31.228869,postgres
2024-05-08,CAMP_013,Meta Ads,0.0,0,0,0,2026-06-02 02:05:31.228869,2026-06-02 02:05:31.228869,postgres
2024-06-07,CAMP_017,Google Ads,57.15,13871,329,13,2026-06-02 02:05:31.228869,2026-06-02 02:05:31.228869,postgres
2024-09-15,CAMP_025,Meta Ads,83.5,83341,819,16,2026-06-02 02:05:31.228869,2026-06-02 02:05:31.228869,postgres
2024-01-11,CAMP_003,TikTok Ads,19.95,16503,290,9,2026-06-02 02:05:31.228869,2026-06-02 02:05:31.228869,postgres
2024-08-04,CAMP_023,Google Ads,79.6,19187,471,19,2026-06-02 02:05:31.228869,2026-06-02 02:05:31.228869,postgres
2024-07-11,CAMP_021,TikTok Ads,20.64,20403,266,8,2026-06-02 02:05:31.228869,2026-06-02 02:05:31.228869,postgres
2024-02-19,CAMP_006,TikTok Ads,61.68,46178,950,40,2026-06-02 02:05:31.228869,2026-06-02 02:05:31.228869,postgres
2024-07-03,CAMP_019,Meta Ads,131.36,110191,1836,46,2026-06-02 02:05:31.228869,2026-06-02 02:05:31.228869,postgres
2024-08-11,CAMP_023,Google Ads,0.0,0,0,0,2026-06-02 02:05:31.228869,2026-06-02 02:05:31.228869,postgres
2024-06-24,CAMP_018,TikTok Ads,38.85,27817,677,32,2026-06-02 02:05:31.228869,2026-06-02 02:05:31.228869,postgres
2024-11-16,CAMP_033,TikTok Ads,56.57,72527,1101,51,2026-06-02 02:05:31.228869,2026-06-02 02:05:31.228869,postgres
2024-04-17,CAMP_011,Google Ads,51.36,19300,372,9,2026-06-02 02:05:31.228869,2026-06-02 02:05:31.228869,postgres
2024-01-12,CAMP_001,Meta Ads,51.23,36924,594,21,2026-06-02 02:05:31.228869,2026-06-02 02:05:31.228869,postgres
2024-10-05,CAMP_029,Google Ads,62.63,15324,391,9,2026-06-02 02:05:31.228869,2026-06-02 02:05:31.228869,postgres
2024-04-05,CAMP_012,TikTok Ads,55.16,45801,937,38,2026-06-02 02:05:31.228869,2026-06-02 02:05:31.228869,postgres
2024-05-07,CAMP_015,TikTok Ads,0.0,0,0,0,2026-06-02 02:05:31.228869,2026-06-02 02:05:31.228869,postgres
2024-07-03,CAMP_021,TikTok Ads,0.0,0,0,0,2026-06-02 02:05:31.228869,2026-06-02 02:05:31.228869,postgres
2024-12-09,CAMP_036,TikTok Ads,37.58,23249,579,30,2026-06-02 02:05:31.228869,2026-06-02 02:05:31.228869,postgres
2024-12-23,CAMP_035,Google Ads,75.82,21238,390,11,2026-06-02 02:05:31.228869,2026-06-02 02:05:31.228869,postgres
2024-11-12,CAMP_032,Google Ads,82.0,23123,540,19,2026-06-02 02:05:31.228869,2026-06-02 02:05:31.228869,postgres
2024-03-12,CAMP_008,Google Ads,103.83,39564,824,38,2026-06-02 02:05:31.228869,2026-06-02 02:05:31.228869,postgres
2024-06-11,CAMP_016,Meta Ads,124.44,104907,1728,62,2026-06-02 02:05:31.228869,2026-06-02 02:05:31.228869,postgres
2024-12-18,CAMP_035,Google Ads,72.97,27732,553,20,2026-06-02 02:05:31.228869,2026-06-02 02:05:31.228869,postgres
2024-11-16,CAMP_031,Meta Ads,27.55,24956,371,20,2026-06-02 02:05:31.228869,2026-06-02 02:05:31.228869,postgres
2024-11-03,CAMP_031,Meta Ads,74.11,67712,715,24,2026-06-02 02:05:31.228869,2026-06-02 02:05:31.228869,postgres
2024-08-12,CAMP_023,Google Ads,31.22,7577,240,9,2026-06-02 02:05:31.228869,2026-06-02 02:05:31.228869,postgres
2024-11-04,CAMP_033,TikTok Ads,44.46,52473,727,11,2026-06-02 02:05:31.228869,2026-06-02 02:05:31.228869,postgres
2024-12-07,CAMP_034,Meta Ads,118.32,107767,1507,47,2026-06-02 02:05:31.228869,2026-06-02 02:05:31.228869,postgres
2024-09-17,CAMP_025,Meta Ads,33.9,29715,345,12,2026-06-02 02:05:31.228869,2026-06-02 02:05:31.228869,postgres
2024-04-07,CAMP_010,Meta Ads,84.32,106866,899,39,2026-06-02 02:05:31.228869,2026-06-02 02:05:31.228869,postgres
2024-12-24,CAMP_035,Google Ads,42.22,12029,251,6,2026-06-02 02:05:31.228869,2026-06-02 02:05:31.228869,postgres
2024-08-18,CAMP_024,TikTok Ads,40.14,37161,783,26,2026-06-02 02:05:31.228869,2026-06-02 02:05:31.228869,postgres
2024-07-16,CAMP_020,Google Ads,1.34,282,7,0,2026-06-02 02:05:31.228869,2026-06-02 02:05:31.228869,postgres
2024-01-14,CAMP_002,Google Ads,0.0,0,0,0,2026-06-02 02:05:31.228869,2026-06-02 02:05:31.228869,postgres
2024-07-04,CAMP_020,Google Ads,59.48,16661,454,11,2026-06-02 02:05:31.228869,2026-06-02 02:05:31.228869,postgres
2024-07-06,CAMP_019,Meta Ads,19.16,21595,268,7,2026-06-02 02:05:31.228869,2026-06-02 02:05:31.228869,postgres
2024-05-04,CAMP_014,Google Ads,80.73,25013,463,14,2026-06-02 02:05:31.228869,2026-06-02 02:05:31.228869,postgres
2024-12-20,CAMP_034,Meta Ads,111.5,99188,1338,42,2026-06-02 02:05:31.228869,2026-06-02 02:05:31.228869,postgres
2024-08-03,CAMP_022,Meta Ads,0.0,0,0,0,2026-06-02 02:05:31.228869,2026-06-02 02:05:31.228869,postgres
2024-06-17,CAMP_016,Meta Ads,84.58,134018,1196,33,2026-06-02 02:05:31.228869,2026-06-02 02:05:31.228869,postgres
2024-05-10,CAMP_015,TikTok Ads,61.52,70544,1178,60,2026-06-02 02:05:31.228869,2026-06-02 02:05:31.228869,postgres
2024-01-15,CAMP_003,TikTok Ads,46.29,34678,620,27,2026-06-02 02:05:31.228869,2026-06-02 02:05:31.228869,postgres
2024-07-13,CAMP_020,Google Ads,40.06,13270,294,16,2026-06-02 02:05:31.228869,2026-06-02 02:05:31.228869,postgres
2024-12-10,CAMP_034,Meta Ads,115.61,87886,1410,61,2026-06-02 02:05:31.228869,2026-06-02 02:05:31.228869,postgres
2024-03-03,CAMP_007,Meta Ads,132.39,218574,1863,56,2026-06-02 02:05:31.228869,2026-06-02 02:05:31.228869,postgres
2024-03-15,CAMP_007,Meta Ads,122.95,91647,1249,57,2026-06-02 02:05:31.228869,2026-06-02 02:05:31.228869,postgres
2024-12-21,CAMP_036,TikTok Ads,56.76,53535,1064,43,2026-06-02 02:05:31.228869,2026-06-02 02:05:31.228869,postgres
2024-04-15,CAMP_012,TikTok Ads,33.65,29316,443,22,2026-06-02 02:05:31.228869,2026-06-02 02:05:31.228869,postgres
2024-04-05,CAMP_011,Google Ads,91.91,31492,565,27,2026-06-02 02:05:31.228869,2026-06-02 02:05:31.228869,postgres
2024-05-18,CAMP_013,Meta Ads,103.25,126296,1063,46,2026-06-02 02:05:31.228869,2026-06-02 02:05:31.228869,postgres
2024-01-13,CAMP_001,Meta Ads,108.07,77242,1205,61,2026-06-02 02:05:31.228869,2026-06-02 02:05:31.228869,postgres
2024-09-11,CAMP_025,Meta Ads,61.32,60274,751,22,2026-06-02 02:05:31.228869,2026-06-02 02:05:31.228869,postgres
2024-04-13,CAMP_010,Meta Ads,50.72,74720,692,24,2026-06-02 02:05:31.228869,2026-06-02 02:05:31.228869,postgres
2024-04-07,CAMP_011,Google Ads,50.62,13930,377,20,2026-06-02 02:05:31.228869,2026-06-02 02:05:31.228869,postgres
2024-06-19,CAMP_018,TikTok Ads,43.17,42404,754,23,2026-06-02 02:05:31.228869,2026-06-02 02:05:31.228869,postgres
2024-12-12,CAMP_035,Google Ads,39.46,11365,298,11,2026-06-02 02:05:31.228869,2026-06-02 02:05:31.228869,postgres
2024-11-24,CAMP_032,Google Ads,47.36,12815,359,15,2026-06-02 02:05:31.228869,2026-06-02 02:05:31.228869,postgres
2024-09-19,CAMP_025,Meta Ads,102.02,114666,1058,56,2026-06-02 02:05:31.228869,2026-06-02 02:05:31.228869,postgres
2024-02-14,CAMP_006,TikTok Ads,0.0,0,0,0,2026-06-02 02:05:31.228869,2026-06-02 02:05:31.228869,postgres
2024-05-02,CAMP_015,TikTok Ads,42.38,46098,690,12,2026-06-02 02:05:31.228869,2026-06-02 02:05:31.228869,postgres
2024-04-06,CAMP_010,Meta Ads,0.0,0,0,0,2026-06-02 02:05:31.228869,2026-06-02 02:05:31.228869,postgres
2024-02-10,CAMP_004,Meta Ads,101.24,111131,1280,49,2026-06-02 02:05:31.228869,2026-06-02 02:05:31.228869,postgres
2024-04-08,CAMP_011,Google Ads,0.0,0,0,0,2026-06-02 02:05:31.228869,2026-06-02 02:05:31.228869,postgres
2024-02-24,CAMP_005,Google Ads,81.28,27070,505,14,2026-06-02 02:05:31.228869,2026-06-02 02:05:31.228869,postgres
2024-05-16,CAMP_014,Google Ads,0.0,0,0,0,2026-06-02 02:05:31.228869,2026-06-02 02:05:31.228869,postgres
2024-02-06,CAMP_006,TikTok Ads,45.59,34720,844,26,2026-06-02 02:05:31.228869,2026-06-02 02:05:31.228869,postgres
2024-01-19,CAMP_001,Meta Ads,105.44,97970,1497,54,2026-06-02 02:05:31.228869,2026-06-02 02:05:31.228869,postgres
2024-01-17,CAMP_002,Google Ads,0.0,0,0,0,2026-06-02 02:05:31.228869,2026-06-02 02:05:31.228869,postgres
2024-01-04,CAMP_003,TikTok Ads,69.98,89448,1207,30,2026-06-02 02:05:31.228869,2026-06-02 02:05:31.228869,postgres
2024-08-06,CAMP_024,TikTok Ads,0.0,0,0,0,2026-06-02 02:05:31.228869,2026-06-02 02:05:31.228869,postgres
2024-05-02,CAMP_014,Google Ads,78.6,23100,412,8,2026-06-02 02:05:31.228869,2026-06-02 02:05:31.228869,postgres
2024-03-08,CAMP_007,Meta Ads,108.34,94442,1026,47,2026-06-02 02:05:31.228869,2026-06-02 02:05:31.228869,postgres
2024-11-18,CAMP_033,TikTok Ads,37.36,26821,668,20,2026-06-02 02:05:31.228869,2026-06-02 02:05:31.228869,postgres
2024-10-10,CAMP_030,TikTok Ads,21.07,25286,372,10,2026-06-02 02:05:31.228869,2026-06-02 02:05:31.228869,postgres
2024-08-12,CAMP_022,Meta Ads,40.59,36587,547,10,2026-06-02 02:05:31.228869,2026-06-02 02:05:31.228869,postgres
2024-01-05,CAMP_002,Google Ads,89.99,15580,520,21,2026-06-02 02:05:31.228869,2026-06-02 02:05:31.228869,postgres
2024-06-05,CAMP_018,TikTok Ads,49.94,34950,771,15,2026-06-02 02:05:31.228869,2026-06-02 02:05:31.228869,postgres
2024-01-08,CAMP_003,TikTok Ads,69.39,69579,1134,59,2026-06-02 02:05:31.228869,2026-06-02 02:05:31.228869,postgres
2024-06-23,CAMP_017,Google Ads,46.53,8019,263,6,2026-06-02 02:05:31.228869,2026-06-02 02:05:31.228869,postgres
2024-10-22,CAMP_030,TikTok Ads,0.0,0,0,0,2026-06-02 02:05:31.228869,2026-06-02 02:05:31.228869,postgres
2024-04-12,CAMP_010,Meta Ads,43.84,45325,603,32,2026-06-02 02:05:31.228869,2026-06-02 02:05:31.228869,postgres
2024-05-20,CAMP_014,Google Ads,73.43,18142,526,22,2026-06-02 02:05:31.228869,2026-06-02 02:05:31.228869,postgres
2024-03-08,CAMP_008,Google Ads,97.64,22981,622,20,2026-06-02 02:05:31.228869,2026-06-02 02:05:31.228869,postgres
2024-04-12,CAMP_011,Google Ads,93.17,40592,719,30,2026-06-02 02:05:31.228869,2026-06-02 02:05:31.228869,postgres
2024-02-20,CAMP_005,Google Ads,117.87,19354,663,10,2026-06-02 02:05:31.228869,2026-06-02 02:05:31.228869,postgres
2024-10-15,CAMP_029,Google Ads,46.52,8627,300,13,2026-06-02 02:05:31.228869,2026-06-02 02:05:31.228869,postgres
2024-06-16,CAMP_016,Meta Ads,85.18,61119,892,23,2026-06-02 02:05:31.228869,2026-06-02 02:05:31.228869,postgres
2024-10-09,CAMP_029,Google Ads,65.17,18680,349,15,2026-06-02 02:05:31.228869,2026-06-02 02:05:31.228869,postgres
2024-07-07,CAMP_020,Google Ads,74.05,15345,465,22,2026-06-02 02:05:31.228869,2026-06-02 02:05:31.228869,postgres
2024-07-17,CAMP_021,TikTok Ads,52.12,41313,764,30,2026-06-02 02:05:31.228869,2026-06-02 02:05:31.228869,postgres
2024-12-16,CAMP_034,Meta Ads,94.14,69554,1040,35,2026-06-02 02:05:31.228869,2026-06-02 02:05:31.228869,postgres
2024-12-11,CAMP_036,TikTok Ads,60.47,47320,1108,54,2026-06-02 02:05:31.228869,2026-06-02 02:05:31.228869,postgres
2024-03-10,CAMP_009,TikTok Ads,62.38,61054,797,17,2026-06-02 02:05:31.228869,2026-06-02 02:05:31.228869,postgres
2024-11-15,CAMP_032,Google Ads,1.44,271,7,0,2026-06-02 02:05:31.228869,2026-06-02 02:05:31.228869,postgres
2024-11-11,CAMP_032,Google Ads,67.74,16684,474,18,2026-06-02 02:05:31.228869,2026-06-02 02:05:31.228869,postgres
2024-10-27,CAMP_030,TikTok Ads,61.24,34827,841,23,2026-06-02 02:05:31.228869,2026-06-02 02:05:31.228869,postgres
2024-07-06,CAMP_021,TikTok Ads,35.95,43172,666,16,2026-06-02 02:05:31.228869,2026-06-02 02:05:31.228869,postgres
2024-11-21,CAMP_032,Google Ads,47.28,10972,273,4,2026-06-02 02:05:31.228869,2026-06-02 02:05:31.228869,postgres
2024-10-07,CAMP_028,Meta Ads,69.29,50924,771,38,2026-06-02 02:05:31.228869,2026-06-02 02:05:31.228869,postgres
2024-01-14,CAMP_003,TikTok Ads,59.09,45250,789,26,2026-06-02 02:05:31.228869,2026-06-02 02:05:31.228869,postgres
2024-09-15,CAMP_026,Google Ads,49.09,10522,271,5,2026-06-02 02:05:31.228869,2026-06-02 02:05:31.228869,postgres
2024-02-24,CAMP_006,TikTok Ads,62.05,76680,1171,48,2026-06-02 02:05:31.228869,2026-06-02 02:05:31.228869,postgres
2024-12-11,CAMP_035,Google Ads,71.25,15491,417,15,2026-06-02 02:05:31.228869,2026-06-02 02:05:31.228869,postgres
2024-03-11,CAMP_009,TikTok Ads,50.79,30192,742,28,2026-06-02 02:05:31.228869,2026-06-02 02:05:31.228869,postgres
2024-02-17,CAMP_006,TikTok Ads,48.78,32119,724,36,2026-06-02 02:05:31.228869,2026-06-02 02:05:31.228869,postgres
2024-10-17,CAMP_028,Meta Ads,66.84,69400,728,38,2026-06-02 02:05:31.228869,2026-06-02 02:05:31.228869,postgres
2024-11-04,CAMP_031,Meta Ads,99.86,83988,1354,43,2026-06-02 02:05:31.228869,2026-06-02 02:05:31.228869,postgres
2024-09-10,CAMP_027,TikTok Ads,33.63,27745,587,30,2026-06-02 02:05:31.228869,2026-06-02 02:05:31.228869,postgres
2024-08-16,CAMP_024,TikTok Ads,41.62,29288,545,21,2026-06-02 02:05:31.228869,2026-06-02 02:05:31.228869,postgres
2024-12-08,CAMP_036,TikTok Ads,33.71,24451,525,12,2026-06-02 02:05:31.228869,2026-06-02 02:05:31.228869,postgres
2024-12-13,CAMP_034,Meta Ads,69.06,51289,809,18,2026-06-02 02:05:31.228869,2026-06-02 02:05:31.228869,postgres
2024-10-12,CAMP_030,TikTok Ads,0.0,0,0,0,2026-06-02 02:05:31.228869,2026-06-02 02:05:31.228869,postgres
2024-05-07,CAMP_013,Meta Ads,0.0,0,0,0,2026-06-02 02:05:31.228869,2026-06-02 02:05:31.228869,postgres
2024-05-05,CAMP_014,Google Ads,38.71,6385,219,8,2026-06-02 02:05:31.228869,2026-06-02 02:05:31.228869,postgres
2024-08-02,CAMP_022,Meta Ads,40.55,52821,591,19,2026-06-02 02:05:31.228869,2026-06-02 02:05:31.228869,postgres
2024-07-10,CAMP_021,TikTok Ads,16.0,15054,218,5,2026-06-02 02:05:31.228869,2026-06-02 02:05:31.228869,postgres
2024-01-18,CAMP_001,Meta Ads,124.49,106352,1536,77,2026-06-02 02:05:31.228869,2026-06-02 02:05:31.228869,postgres
2024-02-14,CAMP_004,Meta Ads,62.36,69530,797,18,2026-06-02 02:05:31.228869,2026-06-02 02:05:31.228869,postgres
2024-02-06,CAMP_004,Meta Ads,105.4,107492,1014,37,2026-06-02 02:05:31.228869,2026-06-02 02:05:31.228869,postgres
2024-11-13,CAMP_031,Meta Ads,70.87,62867,764,15,2026-06-02 02:05:31.228869,2026-06-02 02:05:31.228869,postgres
2024-07-02,CAMP_019,Meta Ads,83.25,65370,861,23,2026-06-02 02:05:31.228869,2026-06-02 02:05:31.228869,postgres
2024-12-08,CAMP_035,Google Ads,67.46,29588,521,24,2026-06-02 02:05:31.228869,2026-06-02 02:05:31.228869,postgres
2024-10-23,CAMP_030,TikTok Ads,36.9,41717,568,11,2026-06-02 02:05:31.228869,2026-06-02 02:05:31.228869,postgres
2024-08-10,CAMP_022,Meta Ads,80.15,119370,1019,44,2026-06-02 02:05:31.228869,2026-06-02 02:05:31.228869,postgres
2024-09-16,CAMP_026,Google Ads,74.32,14673,487,11,2026-06-02 02:05:31.228869,2026-06-02 02:05:31.228869,postgres
2024-11-13,CAMP_033,TikTok Ads,0.0,0,0,0,2026-06-02 02:05:31.228869,2026-06-02 02:05:31.228869,postgres
2024-11-02,CAMP_031,Meta Ads,127.2,154364,1736,92,2026-06-02 02:05:31.228869,2026-06-02 02:05:31.228869,postgres
2024-09-07,CAMP_025,Meta Ads,99.24,123682,1268,50,2026-06-02 02:05:31.228869,2026-06-02 02:05:31.228869,postgres
2024-09-05,CAMP_025,Meta Ads,50.7,38099,576,21,2026-06-02 02:05:31.228869,2026-06-02 02:05:31.228869,postgres
2024-12-23,CAMP_036,TikTok Ads,5.46,4108,80,1,2026-06-02 02:05:31.228869,2026-06-02 02:05:31.228869,postgres
2024-11-05,CAMP_031,Meta Ads,73.13,78035,886,45,2026-06-02 02:05:31.228869,2026-06-02 02:05:31.228869,postgres
2024-07-17,CAMP_019,Meta Ads,45.71,48882,475,22,2026-06-02 02:05:31.228869,2026-06-02 02:05:31.228869,postgres
2024-09-22,CAMP_025,Meta Ads,0.0,0,0,0,2026-06-02 02:05:31.228869,2026-06-02 02:05:31.228869,postgres
2024-08-17,CAMP_024,TikTok Ads,57.69,65875,1060,55,2026-06-02 02:05:31.228869,2026-06-02 02:05:31.228869,postgres
2024-05-13,CAMP_014,Google Ads,102.63,23745,766,26,2026-06-02 02:05:31.228869,2026-06-02 02:05:31.228869,postgres
2024-04-16,CAMP_010,Meta Ads,124.67,89661,1361,31,2026-06-02 02:05:31.228869,2026-06-02 02:05:31.228869,postgres
2024-12-22,CAMP_035,Google Ads,68.92,15337,453,11,2026-06-02 02:05:31.228869,2026-06-02 02:05:31.228869,postgres
2024-05-03,CAMP_013,Meta Ads,91.22,89382,1155,29,2026-06-02 02:05:31.228869,2026-06-02 02:05:31.228869,postgres
2024-12-12,CAMP_036,TikTok Ads,67.81,40952,878,13,2026-06-02 02:05:31.228869,2026-06-02 02:05:31.228869,postgres
2024-12-19,CAMP_034,Meta Ads,56.28,62911,540,24,2026-06-02 02:05:31.228869,2026-06-02 02:05:31.228869,postgres
2024-04-10,CAMP_011,Google Ads,89.97,21464,492,13,2026-06-02 02:05:31.228869,2026-06-02 02:05:31.228869,postgres
2024-01-17,CAMP_001,Meta Ads,70.25,84709,827,12,2026-06-02 02:05:31.228869,2026-06-02 02:05:31.228869,postgres
2024-07-04,CAMP_021,TikTok Ads,58.47,60306,969,42,2026-06-02 02:05:31.228869,2026-06-02 02:05:31.228869,postgres
2024-12-17,CAMP_034,Meta Ads,65.77,85450,964,52,2026-06-02 02:05:31.228869,2026-06-02 02:05:31.228869,postgres
2024-06-06,CAMP_018,TikTok Ads,32.67,22462,546,16,2026-06-02 02:05:31.228869,2026-06-02 02:05:31.228869,postgres
2024-06-05,CAMP_016,Meta Ads,89.85,80822,1345,55,2026-06-02 02:05:31.228869,2026-06-02 02:05:31.228869,postgres
2024-05-19,CAMP_014,Google Ads,65.18,15570,368,11,2026-06-02 02:05:31.228869,2026-06-02 02:05:31.228869,postgres
2024-05-26,CAMP_014,Google Ads,85.41,17967,594,22,2026-06-02 02:05:31.228869,2026-06-02 02:05:31.228869,postgres
2024-04-04,CAMP_012,TikTok Ads,44.24,55490,753,13,2026-06-02 02:05:31.228869,2026-06-02 02:05:31.228869,postgres
2024-02-07,CAMP_004,Meta Ads,55.81,54181,752,36,2026-06-02 02:05:31.228869,2026-06-02 02:05:31.228869,postgres
2024-07-11,CAMP_020,Google Ads,0.0,0,0,0,2026-06-02 02:05:31.228869,2026-06-02 02:05:31.228869,postgres
2024-10-06,CAMP_029,Google Ads,40.97,11550,267,10,2026-06-02 02:05:31.228869,2026-06-02 02:05:31.228869,postgres
2024-02-26,CAMP_006,TikTok Ads,37.97,30128,660,18,2026-06-02 02:05:31.228869,2026-06-02 02:05:31.228869,postgres
2024-07-12,CAMP_020,Google Ads,90.65,20098,635,33,2026-06-02 02:05:31.228869,2026-06-02 02:05:31.228869,postgres
2024-07-10,CAMP_019,Meta Ads,85.62,88515,1252,45,2026-06-02 02:05:31.228869,2026-06-02 02:05:31.228869,postgres
2024-05-06,CAMP_014,Google Ads,32.68,7275,216,9,2026-06-02 02:05:31.228869,2026-06-02 02:05:31.228869,postgres
2024-08-08,CAMP_023,Google Ads,99.67,28278,557,29,2026-06-02 02:05:31.228869,2026-06-02 02:05:31.228869,postgres
2024-04-03,CAMP_012,TikTok Ads,42.08,37603,610,25,2026-06-02 02:05:31.228869,2026-06-02 02:05:31.228869,postgres
2024-08-12,CAMP_024,TikTok Ads,42.78,28272,553,21,2026-06-02 02:05:31.228869,2026-06-02 02:05:31.228869,postgres
2024-04-12,CAMP_012,TikTok Ads,50.77,52971,673,21,2026-06-02 02:05:31.228869,2026-06-02 02:05:31.228869,postgres
2024-08-05,CAMP_022,Meta Ads,55.94,93840,828,41,2026-06-02 02:05:31.228869,2026-06-02 02:05:31.228869,postgres
2024-10-08,CAMP_030,TikTok Ads,38.8,32668,749,37,2026-06-02 02:05:31.228869,2026-06-02 02:05:31.228869,postgres
2024-05-11,CAMP_013,Meta Ads,102.6,94651,1025,28,2026-06-02 02:05:31.228869,2026-06-02 02:05:31.228869,postgres
2024-10-14,CAMP_029,Google Ads,41.35,9584,313,4,2026-06-02 02:05:31.228869,2026-06-02 02:05:31.228869,postgres
2024-04-02,CAMP_012,TikTok Ads,51.85,47859,812,25,2026-06-02 02:05:31.228869,2026-06-02 02:05:31.228869,postgres
2024-09-21,CAMP_027,TikTok Ads,20.48,13338,304,15,2026-06-02 02:05:31.228869,2026-06-02 02:05:31.228869,postgres
2024-09-15,CAMP_027,TikTok Ads,10.92,8988,200,8,2026-06-02 02:05:31.228869,2026-06-02 02:05:31.228869,postgres
2024-05-23,CAMP_014,Google Ads,75.25,16290,508,22,2026-06-02 02:05:31.228869,2026-06-02 02:05:31.228869,postgres
2024-08-07,CAMP_022,Meta Ads,118.55,145827,1723,35,2026-06-02 02:05:31.228869,2026-06-02 02:05:31.228869,postgres
2024-03-16,CAMP_008,Google Ads,62.82,22695,488,19,2026-06-02 02:05:31.228869,2026-06-02 02:05:31.228869,postgres
2024-11-17,CAMP_031,Meta Ads,14.31,8721,139,2,2026-06-02 02:05:31.228869,2026-06-02 02:05:31.228869,postgres
2024-05-16,CAMP_013,Meta Ads,41.27,39901,586,19,2026-06-02 02:05:31.228869,2026-06-02 02:05:31.228869,postgres
2024-02-21,CAMP_006,TikTok Ads,81.63,48282,1084,44,2026-06-02 02:05:31.228869,2026-06-02 02:05:31.228869,postgres
2024-08-11,CAMP_022,Meta Ads,26.28,26309,344,9,2026-06-02 02:05:31.228869,2026-06-02 02:05:31.228869,postgres
2024-07-07,CAMP_021,TikTok Ads,38.61,53763,734,17,2026-06-02 02:05:31.228869,2026-06-02 02:05:31.228869,postgres
2024-12-16,CAMP_035,Google Ads,98.35,21155,557,14,2026-06-02 02:05:31.228869,2026-06-02 02:05:31.228869,postgres
2024-08-21,CAMP_024,TikTok Ads,0.0,0,0,0,2026-06-02 02:05:31.228869,2026-06-02 02:05:31.228869,postgres
2024-04-16,CAMP_012,TikTok Ads,65.31,52321,823,19,2026-06-02 02:05:31.228869,2026-06-02 02:05:31.228869,postgres
2024-09-06,CAMP_027,TikTok Ads,24.06,22588,406,16,2026-06-02 02:05:31.228869,2026-06-02 02:05:31.228869,postgres
2024-12-06,CAMP_034,Meta Ads,71.07,68708,808,13,2026-06-02 02:05:31.228869,2026-06-02 02:05:31.228869,postgres
2024-06-15,CAMP_018,TikTok Ads,0.0,0,0,0,2026-06-02 02:05:31.228869,2026-06-02 02:05:31.228869,postgres
2024-02-22,CAMP_005,Google Ads,101.9,23872,739,30,2026-06-02 02:05:31.228869,2026-06-02 02:05:31.228869,postgres
2024-08-07,CAMP_023,Google Ads,28.6,7234,205,4,2026-06-02 02:05:31.228869,2026-06-02 02:05:31.228869,postgres
2024-04-13,CAMP_011,Google Ads,78.94,19723,467,18,2026-06-02 02:05:31.228869,2026-06-02 02:05:31.228869,postgres
2024-01-12,CAMP_003,TikTok Ads,64.56,66734,1101,52,2026-06-02 02:05:31.228869,2026-06-02 02:05:31.228869,postgres
2024-11-15,CAMP_033,TikTok Ads,16.22,14059,236,10,2026-06-02 02:05:31.228869,2026-06-02 02:05:31.228869,postgres
2024-05-03,CAMP_015,TikTok Ads,39.93,30752,696,18,2026-06-02 02:05:31.228869,2026-06-02 02:05:31.228869,postgres
2024-01-11,CAMP_002,Google Ads,98.22,38417,748,32,2026-06-02 02:05:31.228869,2026-06-02 02:05:31.228869,postgres
2024-11-20,CAMP_032,Google Ads,68.03,20068,364,6,2026-06-02 02:05:31.228869,2026-06-02 02:05:31.228869,postgres
2024-08-09,CAMP_023,Google Ads,28.3,6559,182,6,2026-06-02 02:05:31.228869,2026-06-02 02:05:31.228869,postgres
2024-09-23,CAMP_025,Meta Ads,57.45,82424,859,42,2026-06-02 02:05:31.228869,2026-06-02 02:05:31.228869,postgres
2024-07-18,CAMP_020,Google Ads,32.8,5169,166,8,2026-06-02 02:05:31.228869,2026-06-02 02:05:31.228869,postgres
2024-02-10,CAMP_005,Google Ads,110.01,41149,810,37,2026-06-02 02:05:31.228869,2026-06-02 02:05:31.228869,postgres
2024-01-27,CAMP_001,Meta Ads,124.4,138992,1524,35,2026-06-02 02:05:31.228869,2026-06-02 02:05:31.228869,postgres
2024-03-11,CAMP_008,Google Ads,96.15,21730,606,10,2026-06-02 02:05:31.228869,2026-06-02 02:05:31.228869,postgres
2024-06-11,CAMP_017,Google Ads,41.56,8534,218,5,2026-06-02 02:05:31.228869,2026-06-02 02:05:31.228869,postgres
2024-06-12,CAMP_017,Google Ads,40.98,9425,275,12,2026-06-02 02:05:31.228869,2026-06-02 02:05:31.228869,postgres
2024-11-13,CAMP_032,Google Ads,68.81,14362,361,14,2026-06-02 02:05:31.228869,2026-06-02 02:05:31.228869,postgres
2024-06-24,CAMP_017,Google Ads,69.17,24850,501,16,2026-06-02 02:05:31.228869,2026-06-02 02:05:31.228869,postgres
2024-06-20,CAMP_017,Google Ads,69.73,15722,542,20,2026-06-02 02:05:31.228869,2026-06-02 02:05:31.228869,postgres
2024-05-17,CAMP_013,Meta Ads,68.72,50108,713,17,2026-06-02 02:05:31.228869,2026-06-02 02:05:31.228869,postgres
2024-05-09,CAMP_015,TikTok Ads,51.46,31329,658,18,2026-06-02 02:05:31.228869,2026-06-02 02:05:31.228869,postgres
2024-05-11,CAMP_015,TikTok Ads,48.19,45375,626,34,2026-06-02 02:05:31.228869,2026-06-02 02:05:31.228869,postgres
2024-07-04,CAMP_019,Meta Ads,73.97,80739,714,30,2026-06-02 02:05:31.228869,2026-06-02 02:05:31.228869,postgres
2024-08-03,CAMP_024,TikTok Ads,19.36,11231,250,10,2026-06-02 02:05:31.228869,2026-06-02 02:05:31.228869,postgres
2024-01-08,CAMP_002,Google Ads,0.0,0,0,0,2026-06-02 02:05:31.228869,2026-06-02 02:05:31.228869,postgres
2024-01-10,CAMP_001,Meta Ads,94.82,73147,1091,58,2026-06-02 02:05:31.228869,2026-06-02 02:05:31.228869,postgres
2024-01-06,CAMP_003,TikTok Ads,55.31,58500,944,21,2026-06-02 02:05:31.228869,2026-06-02 02:05:31.228869,postgres
2024-06-14,CAMP_017,Google Ads,36.32,10030,262,8,2026-06-02 02:05:31.228869,2026-06-02 02:05:31.228869,postgres
2024-07-23,CAMP_021,TikTok Ads,56.7,45519,965,36,2026-06-02 02:05:31.228869,2026-06-02 02:05:31.228869,postgres
2024-10-22,CAMP_028,Meta Ads,64.68,63366,757,35,2026-06-02 02:05:31.228869,2026-06-02 02:05:31.228869,postgres
2024-05-13,CAMP_015,TikTok Ads,53.82,39728,681,31,2026-06-02 02:05:31.228869,2026-06-02 02:05:31.228869,postgres
2024-10-05,CAMP_028,Meta Ads,84.72,120221,1158,49,2026-06-02 02:05:31.228869,2026-06-02 02:05:31.228869,postgres
2024-11-16,CAMP_032,Google Ads,50.05,9273,252,11,2026-06-02 02:05:31.228869,2026-06-02 02:05:31.228869,postgres
2024-07-25,CAMP_021,TikTok Ads,20.56,24225,372,6,2026-06-02 02:05:31.228869,2026-06-02 02:05:31.228869,postgres
2024-02-03,CAMP_006,TikTok Ads,60.93,46086,1131,20,2026-06-02 02:05:31.228869,2026-06-02 02:05:31.228869,postgres
2024-07-06,CAMP_020,Google Ads,63.14,12782,392,14,2026-06-02 02:05:31.228869,2026-06-02 02:05:31.228869,postgres
2024-06-02,CAMP_018,TikTok Ads,0.0,0,0,0,2026-06-02 02:05:31.228869,2026-06-02 02:05:31.228869,postgres
2024-04-04,CAMP_011,Google Ads,51.17,15314,401,12,2026-06-02 02:05:31.228869,2026-06-02 02:05:31.228869,postgres
2024-02-18,CAMP_006,TikTok Ads,73.87,106156,1457,61,2026-06-02 02:05:31.228869,2026-06-02 02:05:31.228869,postgres
2024-12-20,CAMP_035,Google Ads,66.16,23059,502,26,2026-06-02 02:05:31.228869,2026-06-02 02:05:31.228869,postgres
2024-11-18,CAMP_032,Google Ads,51.62,17224,324,6,2026-06-02 02:05:31.228869,2026-06-02 02:05:31.228869,postgres
2024-05-17,CAMP_014,Google Ads,82.25,34824,650,26,2026-06-02 02:05:31.228869,2026-06-02 02:05:31.228869,postgres
2024-08-02,CAMP_023,Google Ads,44.7,11458,236,12,2026-06-02 02:05:31.228869,2026-06-02 02:05:31.228869,postgres
2024-05-22,CAMP_014,Google Ads,70.17,18931,513,9,2026-06-02 02:05:31.228869,2026-06-02 02:05:31.228869,postgres
2024-12-05,CAMP_036,TikTok Ads,65.95,77990,1190,57,2026-06-02 02:05:31.228869,2026-06-02 02:05:31.228869,postgres
2024-07-19,CAMP_020,Google Ads,64.74,11254,368,19,2026-06-02 02:05:31.228869,2026-06-02 02:05:31.228869,postgres
2024-06-09,CAMP_018,TikTok Ads,44.44,54310,866,34,2026-06-02 02:05:31.228869,2026-06-02 02:05:31.228869,postgres
2024-02-18,CAMP_005,Google Ads,140.43,27471,710,30,2026-06-02 02:05:31.228869,2026-06-02 02:05:31.228869,postgres
2024-04-18,CAMP_012,TikTok Ads,44.05,56671,772,40,2026-06-02 02:05:31.228869,2026-06-02 02:05:31.228869,postgres
2024-07-09,CAMP_021,TikTok Ads,22.08,15247,302,14,2026-06-02 02:05:31.228869,2026-06-02 02:05:31.228869,postgres
2024-12-07,CAMP_035,Google Ads,77.74,17889,408,21,2026-06-02 02:05:31.228869,2026-06-02 02:05:31.228869,postgres
2024-03-10,CAMP_007,Meta Ads,138.18,227140,1953,99,2026-06-02 02:05:31.228869,2026-06-02 02:05:31.228869,postgres
2024-06-15,CAMP_016,Meta Ads,101.9,131015,1333,66,2026-06-02 02:05:31.228869,2026-06-02 02:05:31.228869,postgres
2024-11-09,CAMP_032,Google Ads,54.2,18030,368,11,2026-06-02 02:05:31.228869,2026-06-02 02:05:31.228869,postgres
2024-11-07,CAMP_031,Meta Ads,94.23,79978,1304,52,2026-06-02 02:05:31.228869,2026-06-02 02:05:31.228869,postgres
2024-10-12,CAMP_029,Google Ads,13.89,4283,79,1,2026-06-02 02:05:31.228869,2026-06-02 02:05:31.228869,postgres
2024-06-17,CAMP_017,Google Ads,17.47,4233,117,4,2026-06-02 02:05:31.228869,2026-06-02 02:05:31.228869,postgres
2024-09-12,CAMP_027,TikTok Ads,34.12,19679,461,16,2026-06-02 02:05:31.228869,2026-06-02 02:05:31.228869,postgres
2024-08-05,CAMP_023,Google Ads,59.35,17749,352,14,2026-06-02 02:05:31.228869,2026-06-02 02:05:31.228869,postgres
2024-09-08,CAMP_025,Meta Ads,0.0,0,0,0,2026-06-02 02:05:31.228869,2026-06-02 02:05:31.228869,postgres
2024-06-14,CAMP_018,TikTok Ads,59.49,47763,826,43,2026-06-02 02:05:31.228869,2026-06-02 02:05:31.228869,postgres
2024-05-14,CAMP_015,TikTok Ads,45.84,32622,680,16,2026-06-02 02:05:31.228869,2026-06-02 02:05:31.228869,postgres
